-- MySQL dump 10.13  Distrib 8.0.36, for Win64 (x86_64)
--
-- Host: localhost    Database: major
-- ------------------------------------------------------
-- Server version	8.0.36

/*!40101 SET @OLD_CHARACTER_SET_CLIENT=@@CHARACTER_SET_CLIENT */;
/*!40101 SET @OLD_CHARACTER_SET_RESULTS=@@CHARACTER_SET_RESULTS */;
/*!40101 SET @OLD_COLLATION_CONNECTION=@@COLLATION_CONNECTION */;
/*!50503 SET NAMES utf8mb4 */;
/*!40103 SET @OLD_TIME_ZONE=@@TIME_ZONE */;
/*!40103 SET TIME_ZONE='+00:00' */;
/*!40014 SET @OLD_UNIQUE_CHECKS=@@UNIQUE_CHECKS, UNIQUE_CHECKS=0 */;
/*!40014 SET @OLD_FOREIGN_KEY_CHECKS=@@FOREIGN_KEY_CHECKS, FOREIGN_KEY_CHECKS=0 */;
/*!40101 SET @OLD_SQL_MODE=@@SQL_MODE, SQL_MODE='NO_AUTO_VALUE_ON_ZERO' */;
/*!40111 SET @OLD_SQL_NOTES=@@SQL_NOTES, SQL_NOTES=0 */;

--
-- Table structure for table `cmo`
--

DROP TABLE IF EXISTS `cmo`;
/*!40101 SET @saved_cs_client     = @@character_set_client */;
/*!50503 SET character_set_client = utf8mb4 */;
CREATE TABLE `cmo` (
  `cmo_id` int NOT NULL AUTO_INCREMENT,
  `name` varchar(100) NOT NULL,
  `email` varchar(100) NOT NULL,
  `password` varchar(255) NOT NULL,
  `contact_number` varchar(15) DEFAULT NULL,
  `district` varchar(50) DEFAULT NULL,
  `block` varchar(50) DEFAULT NULL,
  `address` text,
  `created_at` timestamp NULL DEFAULT CURRENT_TIMESTAMP,
  `e_mail` varchar(255) DEFAULT NULL,
  PRIMARY KEY (`cmo_id`),
  UNIQUE KEY `email` (`email`)
) ENGINE=InnoDB AUTO_INCREMENT=3 DEFAULT CHARSET=utf8mb4 COLLATE=utf8mb4_0900_ai_ci;
/*!40101 SET character_set_client = @saved_cs_client */;

--
-- Dumping data for table `cmo`
--

LOCK TABLES `cmo` WRITE;
/*!40000 ALTER TABLE `cmo` DISABLE KEYS */;
INSERT INTO `cmo` VALUES (1,'Abhinav','abhinav','$2b$10$EjbU4S7vJAaE1iiw7vU8feBdZeDywFenXuTm2fxNLmdUvx2MoYSEi','9019321554','Mysore','Block','#130,19th Cross,21st Main,3rd Stage ,C Block, Vijaynagar\n12','2025-10-23 06:03:44','bharathnagendrababu@gmail.com'),(2,'Clark','clark','$2b$10$EjbU4S7vJAaE1iiw7vU8feBdZeDywFenXuTm2fxNLmdUvx2MoYSEi','9620714823','Mysore','Block','Same address','2025-12-23 12:12:42','bharathnagendrababu@gmail.com');
/*!40000 ALTER TABLE `cmo` ENABLE KEYS */;
UNLOCK TABLES;

--
-- Table structure for table `doctor`
--

DROP TABLE IF EXISTS `doctor`;
/*!40101 SET @saved_cs_client     = @@character_set_client */;
/*!50503 SET character_set_client = utf8mb4 */;
CREATE TABLE `doctor` (
  `doctor_id` int NOT NULL AUTO_INCREMENT,
  `username` varchar(100) NOT NULL,
  `password` varchar(100) NOT NULL,
  `contact_number` varchar(15) DEFAULT NULL,
  `district` varchar(100) DEFAULT NULL,
  `block` varchar(100) DEFAULT NULL,
  `address` varchar(255) DEFAULT NULL,
  PRIMARY KEY (`doctor_id`),
  UNIQUE KEY `username` (`username`)
) ENGINE=InnoDB AUTO_INCREMENT=5 DEFAULT CHARSET=utf8mb4 COLLATE=utf8mb4_0900_ai_ci;
/*!40101 SET character_set_client = @saved_cs_client */;

--
-- Dumping data for table `doctor`
--

LOCK TABLES `doctor` WRITE;
/*!40000 ALTER TABLE `doctor` DISABLE KEYS */;
INSERT INTO `doctor` VALUES (1,'bharath','$2a$10$fZXssu010XWtd3VRAa5Ks.gF17dLKiWgiGmwwvF97cfL30nv9oViO','9019321554','Dakshina Kannada','Mangalore','City Hospital Road, Near KMC, Hampankatta, Mangaluru - 575001'),(2,'athulya','$2a$10$/NDQXLaNA3ZV49dw1exbIOeL3Y9Jmd16LhR1PfWvTA6k1g.oUboh2','9449033445','Dakshina Kannada','Mulki','Opposite Mulki Bus Stand, NH-66, Mulki, Dakshina Kannada - 574154'),(3,'navin','$2a$10$/5CyxYiZVxyUzeAScAKmoe2j/1Xr3jheqcc/fz4seEg.QKQE8R8RS','7418529630','Dakshina Kannada','Mangalore','S K Plaza, Kavoor Road, Near Kottara Chowki, Mangaluru - 575006'),(4,'sharada','$2a$10$bDvspYatMS/se2FHXqbQku2SZWc2lUpFoY1ZOGWutsoo2WZ0/mb9S','8880567890','Dakshina Kannada','Surathkal','Padmavathi Hospital Building, Near Surathkal Bus Stop, Surathkal Main Road, Mangaluru - 575014');
/*!40000 ALTER TABLE `doctor` ENABLE KEYS */;
UNLOCK TABLES;

--
-- Table structure for table `medicines`
--

DROP TABLE IF EXISTS `medicines`;
/*!40101 SET @saved_cs_client     = @@character_set_client */;
/*!50503 SET character_set_client = utf8mb4 */;
CREATE TABLE `medicines` (
  `medicine_id` int NOT NULL AUTO_INCREMENT,
  `name` varchar(100) NOT NULL,
  `dosage` varchar(50) DEFAULT NULL,
  `unit` varchar(50) NOT NULL,
  `manufacturer` varchar(100) DEFAULT NULL,
  `description` text,
  PRIMARY KEY (`medicine_id`)
) ENGINE=InnoDB AUTO_INCREMENT=8 DEFAULT CHARSET=utf8mb4 COLLATE=utf8mb4_0900_ai_ci;
/*!40101 SET character_set_client = @saved_cs_client */;

--
-- Dumping data for table `medicines`
--

LOCK TABLES `medicines` WRITE;
/*!40000 ALTER TABLE `medicines` DISABLE KEYS */;
INSERT INTO `medicines` VALUES (1,'Paracetamol','500mg','Tablet','ABC Pharma','Pain reliever'),(2,'Ibuprofen','200mg','Tablet','XYZ Pharma','Anti-inflammatory'),(3,'Cetirizine','10mg','Tablet','HealthCorp','Allergy relief'),(4,'Cough Syrup','60ml','Syrup','MedLife','For cough'),(5,'Ointment','20g','Tube','PharmaPlus','Skin relief'),(6,'Vitamin C','500mg','Strip','NutriCare','Immunity booster'),(7,'ORS','21g','Sachet','HealthPlus','Rehydration');
/*!40000 ALTER TABLE `medicines` ENABLE KEYS */;
UNLOCK TABLES;

--
-- Table structure for table `opd_patients`
--

DROP TABLE IF EXISTS `opd_patients`;
/*!40101 SET @saved_cs_client     = @@character_set_client */;
/*!50503 SET character_set_client = utf8mb4 */;
CREATE TABLE `opd_patients` (
  `opd_id` int NOT NULL AUTO_INCREMENT,
  `opd_number` varchar(20) NOT NULL,
  `patient_name` varchar(100) DEFAULT NULL,
  `age` int DEFAULT NULL,
  `gender` varchar(10) DEFAULT NULL,
  `created_at` timestamp NULL DEFAULT CURRENT_TIMESTAMP,
  `password` varchar(255) NOT NULL,
  PRIMARY KEY (`opd_id`),
  UNIQUE KEY `opd_number` (`opd_number`)
) ENGINE=InnoDB AUTO_INCREMENT=5 DEFAULT CHARSET=utf8mb4 COLLATE=utf8mb4_0900_ai_ci;
/*!40101 SET character_set_client = @saved_cs_client */;

--
-- Dumping data for table `opd_patients`
--

LOCK TABLES `opd_patients` WRITE;
/*!40000 ALTER TABLE `opd_patients` DISABLE KEYS */;
INSERT INTO `opd_patients` VALUES (1,'OPD001','John Doe',35,'Male','2025-10-27 11:15:15','$2b$10$HytSxzTXwnLIQBssGwT68.EDpn78RMi3Zcw0DnY28VtlnSNPCn8au'),(2,'OPD002','Jane Smith',28,'Female','2025-10-27 11:15:15','$2b$10$HytSxzTXwnLIQBssGwT68.EDpn78RMi3Zcw0DnY28VtlnSNPCn8au'),(3,'OPD003','Rahul Kumar',42,'Male','2025-10-27 11:15:15','$2b$10$HytSxzTXwnLIQBssGwT68.EDpn78RMi3Zcw0DnY28VtlnSNPCn8au'),(4,'OPD004','Bharath N',23,'Female','2025-12-23 11:10:57','$2b$10$YehPVwHhOoifOFEgTyw3zO4XWt.FUd4T91Lc1JiLWtuDKakJ6Ulem');
/*!40000 ALTER TABLE `opd_patients` ENABLE KEYS */;
UNLOCK TABLES;

--
-- Table structure for table `opd_prescription_medicines`
--

DROP TABLE IF EXISTS `opd_prescription_medicines`;
/*!40101 SET @saved_cs_client     = @@character_set_client */;
/*!50503 SET character_set_client = utf8mb4 */;
CREATE TABLE `opd_prescription_medicines` (
  `id` int NOT NULL AUTO_INCREMENT,
  `prescription_id` int DEFAULT NULL,
  `medicine_id` int DEFAULT NULL,
  `frequency` varchar(100) DEFAULT NULL,
  `times_per_day` int DEFAULT NULL,
  `duration_days` int DEFAULT NULL,
  `quantity` int DEFAULT NULL,
  `instructions` text,
  PRIMARY KEY (`id`),
  KEY `prescription_id` (`prescription_id`),
  KEY `medicine_id` (`medicine_id`),
  CONSTRAINT `opd_prescription_medicines_ibfk_1` FOREIGN KEY (`prescription_id`) REFERENCES `opd_prescriptions` (`prescription_id`) ON DELETE CASCADE ON UPDATE CASCADE,
  CONSTRAINT `opd_prescription_medicines_ibfk_2` FOREIGN KEY (`medicine_id`) REFERENCES `medicines` (`medicine_id`) ON DELETE CASCADE ON UPDATE CASCADE
) ENGINE=InnoDB AUTO_INCREMENT=23 DEFAULT CHARSET=utf8mb4 COLLATE=utf8mb4_0900_ai_ci;
/*!40101 SET character_set_client = @saved_cs_client */;

--
-- Dumping data for table `opd_prescription_medicines`
--

LOCK TABLES `opd_prescription_medicines` WRITE;
/*!40000 ALTER TABLE `opd_prescription_medicines` DISABLE KEYS */;
INSERT INTO `opd_prescription_medicines` VALUES (7,4,2,'2',NULL,2,2,'dfa'),(14,3,2,'3',NULL,6,9,'After meals'),(15,3,6,'1',NULL,2,7,'Helps recovery'),(16,2,3,'1',NULL,8,7,'Take before sleep'),(17,2,4,'2',NULL,7,14,'Use nasal spray gently'),(18,5,4,'2',NULL,2,12,'sada'),(19,1,1,'2',NULL,2,10,'Take after food'),(20,1,6,'1',NULL,4,5,'Boosts immunity'),(21,1,5,'2',NULL,2,1,'acxX'),(22,6,2,'2',NULL,2,4,'asdadasd a');
/*!40000 ALTER TABLE `opd_prescription_medicines` ENABLE KEYS */;
UNLOCK TABLES;

--
-- Table structure for table `opd_prescriptions`
--

DROP TABLE IF EXISTS `opd_prescriptions`;
/*!40101 SET @saved_cs_client     = @@character_set_client */;
/*!50503 SET character_set_client = utf8mb4 */;
CREATE TABLE `opd_prescriptions` (
  `prescription_id` int NOT NULL AUTO_INCREMENT,
  `opd_number` varchar(20) DEFAULT NULL,
  `doctor_id` int DEFAULT NULL,
  `pharmacy_id` int DEFAULT NULL,
  `diagnosis` varchar(255) DEFAULT NULL,
  `created_at` timestamp NULL DEFAULT CURRENT_TIMESTAMP,
  PRIMARY KEY (`prescription_id`),
  KEY `doctor_id` (`doctor_id`),
  KEY `opd_number` (`opd_number`),
  KEY `pharmacy_id` (`pharmacy_id`),
  CONSTRAINT `opd_prescriptions_ibfk_1` FOREIGN KEY (`doctor_id`) REFERENCES `doctor` (`doctor_id`) ON DELETE CASCADE ON UPDATE CASCADE,
  CONSTRAINT `opd_prescriptions_ibfk_2` FOREIGN KEY (`opd_number`) REFERENCES `opd_patients` (`opd_number`) ON DELETE CASCADE ON UPDATE CASCADE,
  CONSTRAINT `opd_prescriptions_ibfk_3` FOREIGN KEY (`pharmacy_id`) REFERENCES `pharmacy` (`pharmacy_id`) ON DELETE CASCADE ON UPDATE CASCADE
) ENGINE=InnoDB AUTO_INCREMENT=7 DEFAULT CHARSET=utf8mb4 COLLATE=utf8mb4_0900_ai_ci;
/*!40101 SET character_set_client = @saved_cs_client */;

--
-- Dumping data for table `opd_prescriptions`
--

LOCK TABLES `opd_prescriptions` WRITE;
/*!40000 ALTER TABLE `opd_prescriptions` DISABLE KEYS */;
INSERT INTO `opd_prescriptions` VALUES (1,'OPD001',1,1,'Viral Fever asda','2025-10-27 11:16:20'),(2,'OPD002',1,3,'Seasonal Allergies','2025-10-27 11:16:20'),(3,'OPD003',1,1,'Body Pain and Weakness','2025-10-27 11:16:20'),(4,'OPD001',1,1,'sdfadf','2025-10-27 13:19:29'),(5,'OPD003',1,1,'asdasda','2025-10-28 17:00:45'),(6,'OPD003',1,NULL,'sadcacsdad','2025-11-01 14:42:39');
/*!40000 ALTER TABLE `opd_prescriptions` ENABLE KEYS */;
UNLOCK TABLES;

--
-- Table structure for table `pharmacy`
--

DROP TABLE IF EXISTS `pharmacy`;
/*!40101 SET @saved_cs_client     = @@character_set_client */;
/*!50503 SET character_set_client = utf8mb4 */;
CREATE TABLE `pharmacy` (
  `pharmacy_id` int NOT NULL AUTO_INCREMENT,
  `pharmacy_name` varchar(100) NOT NULL,
  `username` varchar(50) NOT NULL,
  `password` varchar(255) NOT NULL,
  `contact_number` varchar(15) DEFAULT NULL,
  `district` varchar(50) DEFAULT NULL,
  `block` varchar(50) DEFAULT NULL,
  `address` text,
  `created_at` timestamp NULL DEFAULT CURRENT_TIMESTAMP,
  `auto_order_enabled` tinyint(1) DEFAULT '0',
  `Email` varchar(255) DEFAULT NULL,
  PRIMARY KEY (`pharmacy_id`),
  UNIQUE KEY `username` (`username`)
) ENGINE=InnoDB AUTO_INCREMENT=9 DEFAULT CHARSET=utf8mb4 COLLATE=utf8mb4_0900_ai_ci;
/*!40101 SET character_set_client = @saved_cs_client */;

--
-- Dumping data for table `pharmacy`
--

LOCK TABLES `pharmacy` WRITE;
/*!40000 ALTER TABLE `pharmacy` DISABLE KEYS */;
INSERT INTO `pharmacy` VALUES (1,'Taluk Govt. Pharmacy (Mulki)','hey','$2b$10$5OtC/m.l02mZ2x1jd/oIPeyUQFqrU0V/xHrWVI35wkeShHx.UHApe','9019321554','Dakshina Kannada','Mulki','Opposite Bus Stand, Near Government Hospital, Mulki - 574154','2025-10-29 03:59:13',0,'bharathnagendrababu@gmail.com'),(3,'District Govt. Pharmacy','mglrgovpharm','$2b$10$iFHdHGDu8Fc5j4k5UH3pn.IPbmNFNvNnN6pb5.oItlrX7lzLsE5X.','9448123456','Dakshina Kannada','Mangalore','Kadri Road, Adjacent to Wenlock District Hospital, Mangaluru - 575001','2025-10-29 03:55:32',0,'bharathnagendrababu@gmail.com'),(4,'Jan Aushadhi Kendra','janashurath','$2b$10$r10HAeYNBpcLvWpkAPyiO.9qicjH8rnVFNy1lidEf49kjl3FY3/A2','9880567890','Dakshina Kannada','Surathkal','Near NITK Bus Stop, Surathkal Main Road, Surathkal - 575014','2025-10-29 03:56:19',0,'bharathnagendrababu@gmail.com'),(5,'PHC Kottara Pharmacy','phckottara','$2b$10$mDV43HIafmKnwnnVe4Ndau6kVJE6BY4PurEIgtrCNZrzJavZTiydK','9008765432','Dakshina Kannada','Mangalore','Primary Health Centre Campus, Kottara Chowki, Mangaluru - 575006','2025-10-29 03:56:58',0,'bharathnagendrababu@gmail.com'),(6,'Primary Health Centre Surathkal','phc_surathkal','$2b$10$zod0SziWjRXQP.fAMAIz1.HthBNVm1RkQFFhX5r47rURVs7GsTLre','08242475720','Dakshina Kannada','Surathkal','Maidan Rd, Hosabettu, Surathkal, Karnataka 575014','2025-11-02 05:07:17',0,'bharathnagendrababu@gmail.com'),(8,'Government Lady Goschen Hospital','ladygoschen','$2b$10$nc2VVvWtrqZ9BoLQchGAJ.LXeisMKIvE54NsWROMZAPTCP7wpn8fu','08242445611','Dakshina Kannada','Mangalore','Maidan Rd, Hampankatta, Mangaluru, Karnataka 575001','2025-11-02 05:08:53',0,'bharathnagendrababu@gmail.com');
/*!40000 ALTER TABLE `pharmacy` ENABLE KEYS */;
UNLOCK TABLES;

--
-- Table structure for table `pharmacy_demand_request`
--

DROP TABLE IF EXISTS `pharmacy_demand_request`;
/*!40101 SET @saved_cs_client     = @@character_set_client */;
/*!50503 SET character_set_client = utf8mb4 */;
CREATE TABLE `pharmacy_demand_request` (
  `request_id` int NOT NULL AUTO_INCREMENT,
  `pharmacy_id` int NOT NULL,
  `remarks` varchar(255) DEFAULT NULL,
  `request_date` datetime DEFAULT CURRENT_TIMESTAMP,
  `status` enum('pending','approved','rejected') DEFAULT 'pending',
  `comments_from_approver` varchar(255) DEFAULT NULL,
  PRIMARY KEY (`request_id`),
  KEY `pharmacy_id` (`pharmacy_id`),
  CONSTRAINT `pharmacy_demand_request_ibfk_1` FOREIGN KEY (`pharmacy_id`) REFERENCES `pharmacy` (`pharmacy_id`)
) ENGINE=InnoDB AUTO_INCREMENT=3 DEFAULT CHARSET=utf8mb4 COLLATE=utf8mb4_0900_ai_ci;
/*!40101 SET character_set_client = @saved_cs_client */;

--
-- Dumping data for table `pharmacy_demand_request`
--

LOCK TABLES `pharmacy_demand_request` WRITE;
/*!40000 ALTER TABLE `pharmacy_demand_request` DISABLE KEYS */;
INSERT INTO `pharmacy_demand_request` VALUES (1,1,'sdfsfsdf sdf','2025-11-01 20:44:10','approved',NULL),(2,1,'Please send','2025-11-03 11:50:00','approved',';\'lkojiygufcghjbknlnk vhgc');
/*!40000 ALTER TABLE `pharmacy_demand_request` ENABLE KEYS */;
UNLOCK TABLES;

--
-- Table structure for table `pharmacy_demand_request_items`
--

DROP TABLE IF EXISTS `pharmacy_demand_request_items`;
/*!40101 SET @saved_cs_client     = @@character_set_client */;
/*!50503 SET character_set_client = utf8mb4 */;
CREATE TABLE `pharmacy_demand_request_items` (
  `request_item_id` int NOT NULL AUTO_INCREMENT,
  `request_id` int NOT NULL,
  `medicine_id` int NOT NULL,
  `quantity_requested` decimal(10,2) NOT NULL,
  PRIMARY KEY (`request_item_id`),
  KEY `request_id` (`request_id`),
  KEY `medicine_id` (`medicine_id`),
  CONSTRAINT `pharmacy_demand_request_items_ibfk_1` FOREIGN KEY (`request_id`) REFERENCES `pharmacy_demand_request` (`request_id`),
  CONSTRAINT `pharmacy_demand_request_items_ibfk_2` FOREIGN KEY (`medicine_id`) REFERENCES `medicines` (`medicine_id`)
) ENGINE=InnoDB AUTO_INCREMENT=5 DEFAULT CHARSET=utf8mb4 COLLATE=utf8mb4_0900_ai_ci;
/*!40101 SET character_set_client = @saved_cs_client */;

--
-- Dumping data for table `pharmacy_demand_request_items`
--

LOCK TABLES `pharmacy_demand_request_items` WRITE;
/*!40000 ALTER TABLE `pharmacy_demand_request_items` DISABLE KEYS */;
INSERT INTO `pharmacy_demand_request_items` VALUES (1,1,2,1.00),(2,1,4,1.00),(3,2,2,7.00),(4,2,4,37.00);
/*!40000 ALTER TABLE `pharmacy_demand_request_items` ENABLE KEYS */;
UNLOCK TABLES;

--
-- Table structure for table `pharmacy_emergency_request_items`
--

DROP TABLE IF EXISTS `pharmacy_emergency_request_items`;
/*!40101 SET @saved_cs_client     = @@character_set_client */;
/*!50503 SET character_set_client = utf8mb4 */;
CREATE TABLE `pharmacy_emergency_request_items` (
  `request_item_id` int NOT NULL AUTO_INCREMENT,
  `request_id` int NOT NULL,
  `medicine_id` int NOT NULL,
  `quantity_requested` int NOT NULL,
  PRIMARY KEY (`request_item_id`),
  KEY `request_id` (`request_id`),
  KEY `medicine_id` (`medicine_id`),
  CONSTRAINT `pharmacy_emergency_request_items_ibfk_1` FOREIGN KEY (`request_id`) REFERENCES `pharmacy_emergency_requests` (`request_id`),
  CONSTRAINT `pharmacy_emergency_request_items_ibfk_2` FOREIGN KEY (`medicine_id`) REFERENCES `medicines` (`medicine_id`)
) ENGINE=InnoDB AUTO_INCREMENT=23 DEFAULT CHARSET=utf8mb4 COLLATE=utf8mb4_0900_ai_ci;
/*!40101 SET character_set_client = @saved_cs_client */;

--
-- Dumping data for table `pharmacy_emergency_request_items`
--

LOCK TABLES `pharmacy_emergency_request_items` WRITE;
/*!40000 ALTER TABLE `pharmacy_emergency_request_items` DISABLE KEYS */;
INSERT INTO `pharmacy_emergency_request_items` VALUES (1,1,3,4),(2,1,5,6),(3,2,1,2),(4,3,3,4),(5,3,5,6),(6,3,1,2),(7,4,5,4),(8,4,3,2),(9,5,4,2),(10,6,3,2),(11,7,4,1),(12,7,2,1),(13,8,4,2),(14,9,4,2),(15,10,4,2),(16,11,4,22),(17,12,4,2),(18,13,4,2),(19,14,4,2),(20,15,4,2),(21,16,5,34),(22,17,4,4);
/*!40000 ALTER TABLE `pharmacy_emergency_request_items` ENABLE KEYS */;
UNLOCK TABLES;

--
-- Table structure for table `pharmacy_emergency_requests`
--

DROP TABLE IF EXISTS `pharmacy_emergency_requests`;
/*!40101 SET @saved_cs_client     = @@character_set_client */;
/*!50503 SET character_set_client = utf8mb4 */;
CREATE TABLE `pharmacy_emergency_requests` (
  `request_id` int NOT NULL AUTO_INCREMENT,
  `pharmacy_id` int NOT NULL,
  `request_date` timestamp NULL DEFAULT CURRENT_TIMESTAMP,
  `status` enum('pending_approval_from_cmo','order_sent','order_successful','order_recieved','rejected') DEFAULT 'pending_approval_from_cmo',
  `remarks` text,
  `accepting_pharmacy_id` int DEFAULT NULL,
  PRIMARY KEY (`request_id`),
  KEY `pharmacy_id` (`pharmacy_id`),
  CONSTRAINT `pharmacy_emergency_requests_ibfk_1` FOREIGN KEY (`pharmacy_id`) REFERENCES `pharmacy` (`pharmacy_id`)
) ENGINE=InnoDB AUTO_INCREMENT=18 DEFAULT CHARSET=utf8mb4 COLLATE=utf8mb4_0900_ai_ci;
/*!40101 SET character_set_client = @saved_cs_client */;

--
-- Dumping data for table `pharmacy_emergency_requests`
--

LOCK TABLES `pharmacy_emergency_requests` WRITE;
/*!40000 ALTER TABLE `pharmacy_emergency_requests` DISABLE KEYS */;
INSERT INTO `pharmacy_emergency_requests` VALUES (1,1,'2025-10-28 13:13:10','order_sent','ASCAz',4),(2,1,'2025-10-28 13:13:25','order_successful','ASDAS',3),(3,1,'2025-10-30 16:21:48','order_successful','Emergency supply request',3),(4,3,'2025-10-31 06:26:58','order_successful','sadasd sdacadasda',1),(5,1,'2025-11-01 14:12:47','order_sent','dasvfgenfbvcdadsff',3),(6,1,'2025-11-01 14:21:21','order_sent','asdas',3),(7,1,'2025-11-03 06:03:21','order_successful','sdfw fsdf',3),(8,1,'2025-12-23 12:17:37','pending_approval_from_cmo','asda',NULL),(9,1,'2025-12-23 12:23:17','pending_approval_from_cmo',NULL,NULL),(10,1,'2025-12-23 12:32:54','pending_approval_from_cmo','asd',NULL),(11,1,'2025-12-23 12:35:37','pending_approval_from_cmo',NULL,NULL),(12,1,'2025-12-23 12:37:39','pending_approval_from_cmo',NULL,NULL),(13,1,'2025-12-23 12:38:22','pending_approval_from_cmo',NULL,NULL),(14,1,'2025-12-23 12:39:53','pending_approval_from_cmo',NULL,NULL),(15,1,'2025-12-23 15:10:49','order_sent',NULL,4),(16,1,'2025-12-23 15:16:35','order_sent',NULL,4),(17,1,'2025-12-23 15:20:39','pending_approval_from_cmo',NULL,NULL);
/*!40000 ALTER TABLE `pharmacy_emergency_requests` ENABLE KEYS */;
UNLOCK TABLES;

--
-- Table structure for table `pharmacy_sales_history`
--

DROP TABLE IF EXISTS `pharmacy_sales_history`;
/*!40101 SET @saved_cs_client     = @@character_set_client */;
/*!50503 SET character_set_client = utf8mb4 */;
CREATE TABLE `pharmacy_sales_history` (
  `id` int NOT NULL AUTO_INCREMENT,
  `pharmacy_id` int NOT NULL,
  `medicine_id` int NOT NULL,
  `quantity_sold` decimal(10,2) NOT NULL,
  `transaction_date` date NOT NULL,
  `sale_type` enum('customer','emergency') DEFAULT 'customer',
  `created_at` timestamp NULL DEFAULT CURRENT_TIMESTAMP,
  PRIMARY KEY (`id`),
  KEY `pharmacy_id` (`pharmacy_id`),
  KEY `medicine_id` (`medicine_id`),
  KEY `transaction_date` (`transaction_date`),
  CONSTRAINT `pharmacy_sales_history_ibfk_1` FOREIGN KEY (`pharmacy_id`) REFERENCES `pharmacy` (`pharmacy_id`),
  CONSTRAINT `pharmacy_sales_history_ibfk_2` FOREIGN KEY (`medicine_id`) REFERENCES `medicines` (`medicine_id`)
) ENGINE=InnoDB AUTO_INCREMENT=2294 DEFAULT CHARSET=utf8mb4 COLLATE=utf8mb4_0900_ai_ci;
/*!40101 SET character_set_client = @saved_cs_client */;

--
-- Dumping data for table `pharmacy_sales_history`
--

LOCK TABLES `pharmacy_sales_history` WRITE;
/*!40000 ALTER TABLE `pharmacy_sales_history` DISABLE KEYS */;
INSERT INTO `pharmacy_sales_history` VALUES (1,3,3,7.00,'2025-10-31','customer','2025-10-31 06:16:55'),(2,3,4,14.00,'2025-10-31','customer','2025-10-31 06:16:55'),(3,1,3,2.00,'2025-10-31','emergency','2025-10-31 06:30:35'),(4,1,5,4.00,'2025-10-31','emergency','2025-10-31 06:30:35'),(5,1,3,2.00,'2022-11-02','customer','2025-10-31 02:33:09'),(6,1,2,6.00,'2022-11-02','customer','2025-10-31 02:33:09'),(7,1,1,3.00,'2022-11-02','customer','2025-10-31 02:33:09'),(8,1,4,2.00,'2022-11-03','customer','2025-10-31 02:33:09'),(9,1,2,2.00,'2022-11-04','customer','2025-10-31 02:33:09'),(10,1,6,2.00,'2022-11-04','customer','2025-10-31 02:33:09'),(11,1,7,2.00,'2022-11-04','customer','2025-10-31 02:33:09'),(12,1,7,3.00,'2022-11-05','customer','2025-10-31 02:33:09'),(13,1,3,1.00,'2022-11-05','customer','2025-10-31 02:33:09'),(14,1,1,2.00,'2022-11-06','customer','2025-10-31 02:33:09'),(15,1,7,1.00,'2022-11-06','customer','2025-10-31 02:33:09'),(16,1,1,5.00,'2022-11-07','customer','2025-10-31 02:33:09'),(17,1,3,2.00,'2022-11-07','customer','2025-10-31 02:33:09'),(18,1,6,4.00,'2022-11-07','customer','2025-10-31 02:33:09'),(19,1,1,5.00,'2022-11-08','customer','2025-10-31 02:33:09'),(20,1,1,1.00,'2022-11-09','emergency','2025-10-31 02:33:09'),(21,1,7,6.00,'2022-11-10','customer','2025-10-31 02:33:09'),(22,1,1,1.00,'2022-11-10','customer','2025-10-31 02:33:09'),(23,1,2,2.00,'2022-11-10','customer','2025-10-31 02:33:09'),(24,1,6,2.00,'2022-11-10','customer','2025-10-31 02:33:09'),(25,1,3,1.00,'2022-11-11','customer','2025-10-31 02:33:09'),(26,1,4,2.00,'2022-11-11','emergency','2025-10-31 02:33:09'),(27,1,1,2.00,'2022-11-11','customer','2025-10-31 02:33:09'),(28,1,2,2.00,'2022-11-11','emergency','2025-10-31 02:33:09'),(29,1,6,3.00,'2022-11-12','customer','2025-10-31 02:33:09'),(30,1,4,1.00,'2022-11-12','customer','2025-10-31 02:33:09'),(31,1,3,1.00,'2022-11-13','customer','2025-10-31 02:33:09'),(32,1,2,2.00,'2022-11-13','customer','2025-10-31 02:33:09'),(33,1,5,1.00,'2022-11-14','emergency','2025-10-31 02:33:09'),(34,1,3,2.00,'2022-11-17','customer','2025-10-31 02:33:09'),(35,1,6,1.00,'2022-11-17','customer','2025-10-31 02:33:09'),(36,1,2,4.00,'2022-11-17','customer','2025-10-31 02:33:09'),(37,1,4,4.00,'2022-11-18','customer','2025-10-31 02:33:09'),(38,1,1,3.00,'2022-11-18','customer','2025-10-31 02:33:09'),(39,1,7,2.00,'2022-11-18','customer','2025-10-31 02:33:09'),(40,1,6,3.00,'2022-11-18','emergency','2025-10-31 02:33:09'),(41,1,5,1.00,'2022-11-19','emergency','2025-10-31 02:33:09'),(42,1,4,7.00,'2022-11-20','customer','2025-10-31 02:33:09'),(43,1,1,2.00,'2022-11-20','emergency','2025-10-31 02:33:09'),(44,1,1,2.00,'2022-11-21','customer','2025-10-31 02:33:09'),(45,1,6,2.00,'2022-11-21','emergency','2025-10-31 02:33:09'),(46,1,3,1.00,'2022-11-21','emergency','2025-10-31 02:33:09'),(47,1,2,2.00,'2022-11-21','customer','2025-10-31 02:33:09'),(48,1,1,1.00,'2022-11-23','customer','2025-10-31 02:33:09'),(49,1,2,1.00,'2022-11-23','customer','2025-10-31 02:33:09'),(50,1,3,2.00,'2022-11-23','customer','2025-10-31 02:33:09'),(51,1,6,1.00,'2022-11-23','customer','2025-10-31 02:33:09'),(52,1,4,2.00,'2022-11-24','customer','2025-10-31 02:33:09'),(53,1,5,4.00,'2022-11-24','customer','2025-10-31 02:33:09'),(54,1,6,3.00,'2022-11-24','emergency','2025-10-31 02:33:09'),(55,1,7,1.00,'2022-11-24','customer','2025-10-31 02:33:09'),(56,1,3,3.00,'2022-11-25','emergency','2025-10-31 02:33:09'),(57,1,4,2.00,'2022-11-25','customer','2025-10-31 02:33:09'),(58,1,7,3.00,'2022-11-25','customer','2025-10-31 02:33:09'),(59,1,2,2.00,'2022-11-26','customer','2025-10-31 02:33:09'),(60,1,1,2.00,'2022-11-27','customer','2025-10-31 02:33:09'),(61,1,4,3.00,'2022-11-28','customer','2025-10-31 02:33:09'),(62,1,1,1.00,'2022-11-28','customer','2025-10-31 02:33:09'),(63,1,2,1.00,'2022-11-28','emergency','2025-10-31 02:33:09'),(64,1,1,1.00,'2022-11-29','customer','2025-10-31 02:33:09'),(65,1,5,1.00,'2022-11-29','customer','2025-10-31 02:33:09'),(66,1,6,2.00,'2022-12-01','customer','2025-10-31 02:33:09'),(67,1,2,1.00,'2022-12-01','customer','2025-10-31 02:33:09'),(68,1,3,2.00,'2022-12-02','customer','2025-10-31 02:33:09'),(69,1,6,1.00,'2022-12-02','customer','2025-10-31 02:33:09'),(70,1,5,1.00,'2022-12-03','customer','2025-10-31 02:33:09'),(71,1,1,2.00,'2022-12-03','customer','2025-10-31 02:33:09'),(72,1,6,3.00,'2022-12-03','emergency','2025-10-31 02:33:09'),(73,1,3,3.00,'2022-12-04','customer','2025-10-31 02:33:09'),(74,1,6,2.00,'2022-12-05','customer','2025-10-31 02:33:09'),(75,1,5,2.00,'2022-12-05','customer','2025-10-31 02:33:09'),(76,1,1,2.00,'2022-12-05','customer','2025-10-31 02:33:09'),(77,1,2,2.00,'2022-12-05','customer','2025-10-31 02:33:09'),(78,1,5,1.00,'2022-12-06','customer','2025-10-31 02:33:09'),(79,1,2,4.00,'2022-12-08','emergency','2025-10-31 02:33:09'),(80,1,5,1.00,'2022-12-08','customer','2025-10-31 02:33:09'),(81,1,5,2.00,'2022-12-09','customer','2025-10-31 02:33:09'),(82,1,2,2.00,'2022-12-10','customer','2025-10-31 02:33:09'),(83,1,6,4.00,'2022-12-10','customer','2025-10-31 02:33:09'),(84,1,4,1.00,'2022-12-11','customer','2025-10-31 02:33:09'),(85,1,1,1.00,'2022-12-12','customer','2025-10-31 02:33:09'),(86,1,6,1.00,'2022-12-12','customer','2025-10-31 02:33:09'),(87,1,2,1.00,'2022-12-12','customer','2025-10-31 02:33:09'),(88,1,4,1.00,'2022-12-12','customer','2025-10-31 02:33:09'),(89,1,7,1.00,'2022-12-14','customer','2025-10-31 02:33:09'),(90,1,6,2.00,'2022-12-14','customer','2025-10-31 02:33:09'),(91,1,1,2.00,'2022-12-15','customer','2025-10-31 02:33:09'),(92,1,6,4.00,'2022-12-15','customer','2025-10-31 02:33:09'),(93,1,3,3.00,'2022-12-16','emergency','2025-10-31 02:33:09'),(94,1,5,1.00,'2022-12-16','customer','2025-10-31 02:33:09'),(95,1,5,4.00,'2022-12-17','customer','2025-10-31 02:33:09'),(96,1,2,2.00,'2022-12-17','customer','2025-10-31 02:33:09'),(97,1,4,4.00,'2022-12-18','customer','2025-10-31 02:33:09'),(98,1,7,1.00,'2022-12-19','customer','2025-10-31 02:33:09'),(99,1,6,1.00,'2022-12-19','customer','2025-10-31 02:33:09'),(100,1,4,2.00,'2022-12-19','customer','2025-10-31 02:33:09'),(101,1,3,4.00,'2022-12-19','customer','2025-10-31 02:33:09'),(102,1,6,1.00,'2022-12-20','customer','2025-10-31 02:33:09'),(103,1,5,1.00,'2022-12-21','customer','2025-10-31 02:33:09'),(104,1,6,3.00,'2022-12-21','customer','2025-10-31 02:33:09'),(105,1,3,1.00,'2022-12-21','customer','2025-10-31 02:33:09'),(106,1,3,2.00,'2022-12-22','customer','2025-10-31 02:33:09'),(107,1,4,1.00,'2022-12-22','customer','2025-10-31 02:33:09'),(108,1,2,1.00,'2022-12-22','customer','2025-10-31 02:33:09'),(109,1,4,1.00,'2022-12-23','customer','2025-10-31 02:33:09'),(110,1,1,2.00,'2022-12-23','customer','2025-10-31 02:33:09'),(111,1,7,3.00,'2022-12-23','customer','2025-10-31 02:33:09'),(112,1,3,2.00,'2022-12-23','customer','2025-10-31 02:33:09'),(113,1,7,1.00,'2022-12-24','customer','2025-10-31 02:33:09'),(114,1,1,5.00,'2022-12-24','customer','2025-10-31 02:33:09'),(115,1,2,1.00,'2022-12-25','customer','2025-10-31 02:33:09'),(116,1,5,3.00,'2022-12-25','customer','2025-10-31 02:33:09'),(117,1,5,4.00,'2022-12-26','customer','2025-10-31 02:33:09'),(118,1,3,3.00,'2022-12-27','customer','2025-10-31 02:33:09'),(119,1,7,1.00,'2022-12-28','customer','2025-10-31 02:33:09'),(120,1,5,2.00,'2022-12-28','customer','2025-10-31 02:33:09'),(121,1,5,4.00,'2022-12-29','customer','2025-10-31 02:33:09'),(122,1,6,1.00,'2022-12-29','emergency','2025-10-31 02:33:09'),(123,1,7,3.00,'2022-12-29','customer','2025-10-31 02:33:09'),(124,1,2,1.00,'2022-12-29','customer','2025-10-31 02:33:09'),(125,1,4,1.00,'2022-12-30','customer','2025-10-31 02:33:09'),(126,1,1,1.00,'2022-12-30','emergency','2025-10-31 02:33:09'),(127,1,3,2.00,'2022-12-30','customer','2025-10-31 02:33:09'),(128,1,6,1.00,'2022-12-31','customer','2025-10-31 02:33:09'),(129,1,4,3.00,'2022-12-31','customer','2025-10-31 02:33:09'),(130,1,2,2.00,'2022-12-31','customer','2025-10-31 02:33:09'),(131,1,6,2.00,'2023-01-02','customer','2025-10-31 02:33:09'),(132,1,5,4.00,'2023-01-04','customer','2025-10-31 02:33:09'),(133,1,2,2.00,'2023-01-05','customer','2025-10-31 02:33:09'),(134,1,2,1.00,'2023-01-06','customer','2025-10-31 02:33:09'),(135,1,5,4.00,'2023-01-06','customer','2025-10-31 02:33:09'),(136,1,6,1.00,'2023-01-07','customer','2025-10-31 02:33:09'),(137,1,4,3.00,'2023-01-08','customer','2025-10-31 02:33:09'),(138,1,3,2.00,'2023-01-09','customer','2025-10-31 02:33:09'),(139,1,4,1.00,'2023-01-09','customer','2025-10-31 02:33:09'),(140,1,7,1.00,'2023-01-09','customer','2025-10-31 02:33:09'),(141,1,6,4.00,'2023-01-09','customer','2025-10-31 02:33:09'),(142,1,5,2.00,'2023-01-11','customer','2025-10-31 02:33:09'),(143,1,7,2.00,'2023-01-11','customer','2025-10-31 02:33:09'),(144,1,5,1.00,'2023-01-12','emergency','2025-10-31 02:33:09'),(145,1,1,2.00,'2023-01-12','customer','2025-10-31 02:33:09'),(146,1,6,5.00,'2023-01-13','customer','2025-10-31 02:33:09'),(147,1,3,1.00,'2023-01-14','customer','2025-10-31 02:33:09'),(148,1,1,5.00,'2023-01-14','customer','2025-10-31 02:33:09'),(149,1,4,2.00,'2023-01-14','customer','2025-10-31 02:33:09'),(150,1,4,2.00,'2023-01-15','customer','2025-10-31 02:33:09'),(151,1,7,2.00,'2023-01-15','customer','2025-10-31 02:33:09'),(152,1,3,3.00,'2023-01-15','emergency','2025-10-31 02:33:09'),(153,1,5,5.00,'2023-01-16','customer','2025-10-31 02:33:09'),(154,1,3,2.00,'2023-01-17','customer','2025-10-31 02:33:09'),(155,1,5,6.00,'2023-01-17','customer','2025-10-31 02:33:09'),(156,1,2,1.00,'2023-01-17','customer','2025-10-31 02:33:09'),(157,1,2,1.00,'2023-01-18','customer','2025-10-31 02:33:09'),(158,1,3,2.00,'2023-01-18','customer','2025-10-31 02:33:09'),(159,1,6,4.00,'2023-01-18','customer','2025-10-31 02:33:09'),(160,1,5,1.00,'2023-01-18','customer','2025-10-31 02:33:09'),(161,1,7,3.00,'2023-01-19','customer','2025-10-31 02:33:09'),(162,1,7,2.00,'2023-01-20','customer','2025-10-31 02:33:09'),(163,1,1,3.00,'2023-01-20','customer','2025-10-31 02:33:09'),(164,1,5,4.00,'2023-01-20','customer','2025-10-31 02:33:09'),(165,1,6,2.00,'2023-01-21','customer','2025-10-31 02:33:09'),(166,1,4,2.00,'2023-01-22','customer','2025-10-31 02:33:09'),(167,1,6,3.00,'2023-01-22','customer','2025-10-31 02:33:09'),(168,1,2,1.00,'2023-01-22','customer','2025-10-31 02:33:09'),(169,1,2,2.00,'2023-01-23','customer','2025-10-31 02:33:09'),(170,1,3,3.00,'2023-01-23','customer','2025-10-31 02:33:09'),(171,1,6,7.00,'2023-01-23','emergency','2025-10-31 02:33:09'),(172,1,4,3.00,'2023-01-23','customer','2025-10-31 02:33:09'),(173,1,5,3.00,'2023-01-24','customer','2025-10-31 02:33:09'),(174,1,7,4.00,'2023-01-24','emergency','2025-10-31 02:33:09'),(175,1,3,4.00,'2023-01-24','customer','2025-10-31 02:33:09'),(176,1,1,2.00,'2023-01-24','customer','2025-10-31 02:33:09'),(177,1,1,1.00,'2023-01-25','customer','2025-10-31 02:33:09'),(178,1,7,3.00,'2023-01-25','customer','2025-10-31 02:33:09'),(179,1,2,1.00,'2023-01-26','customer','2025-10-31 02:33:09'),(180,1,6,2.00,'2023-01-29','customer','2025-10-31 02:33:09'),(181,1,3,1.00,'2023-01-29','emergency','2025-10-31 02:33:09'),(182,1,1,4.00,'2023-01-30','customer','2025-10-31 02:33:09'),(183,1,7,3.00,'2023-01-30','customer','2025-10-31 02:33:09'),(184,1,5,4.00,'2023-01-30','customer','2025-10-31 02:33:09'),(185,1,3,1.00,'2023-01-31','customer','2025-10-31 02:33:09'),(186,1,5,1.00,'2023-01-31','customer','2025-10-31 02:33:09'),(187,1,1,2.00,'2023-01-31','customer','2025-10-31 02:33:09'),(188,1,3,1.00,'2023-02-01','customer','2025-10-31 02:33:09'),(189,1,1,3.00,'2023-02-01','customer','2025-10-31 02:33:09'),(190,1,5,2.00,'2023-02-01','customer','2025-10-31 02:33:09'),(191,1,6,4.00,'2023-02-02','customer','2025-10-31 02:33:09'),(192,1,2,1.00,'2023-02-02','customer','2025-10-31 02:33:09'),(193,1,4,1.00,'2023-02-02','customer','2025-10-31 02:33:09'),(194,1,7,2.00,'2023-02-03','emergency','2025-10-31 02:33:09'),(195,1,6,3.00,'2023-02-03','customer','2025-10-31 02:33:09'),(196,1,5,1.00,'2023-02-03','emergency','2025-10-31 02:33:09'),(197,1,1,2.00,'2023-02-03','customer','2025-10-31 02:33:09'),(198,1,7,2.00,'2023-02-04','customer','2025-10-31 02:33:09'),(199,1,2,1.00,'2023-02-04','customer','2025-10-31 02:33:09'),(200,1,5,2.00,'2023-02-05','customer','2025-10-31 02:33:09'),(201,1,1,2.00,'2023-02-05','customer','2025-10-31 02:33:09'),(202,1,5,3.00,'2023-02-06','customer','2025-10-31 02:33:09'),(203,1,6,1.00,'2023-02-06','customer','2025-10-31 02:33:09'),(204,1,4,1.00,'2023-02-07','customer','2025-10-31 02:33:09'),(205,1,7,2.00,'2023-02-07','customer','2025-10-31 02:33:09'),(206,1,7,3.00,'2023-02-08','customer','2025-10-31 02:33:09'),(207,1,6,2.00,'2023-02-08','customer','2025-10-31 02:33:09'),(208,1,1,2.00,'2023-02-08','customer','2025-10-31 02:33:09'),(209,1,2,2.00,'2023-02-09','customer','2025-10-31 02:33:09'),(210,1,7,3.00,'2023-02-11','customer','2025-10-31 02:33:09'),(211,1,1,6.00,'2023-02-11','customer','2025-10-31 02:33:09'),(212,1,2,1.00,'2023-02-12','customer','2025-10-31 02:33:09'),(213,1,6,2.00,'2023-02-12','customer','2025-10-31 02:33:09'),(214,1,4,6.00,'2023-02-12','customer','2025-10-31 02:33:09'),(215,1,5,1.00,'2023-02-13','customer','2025-10-31 02:33:09'),(216,1,2,2.00,'2023-02-13','customer','2025-10-31 02:33:09'),(217,1,3,2.00,'2023-02-14','customer','2025-10-31 02:33:09'),(218,1,4,2.00,'2023-02-14','customer','2025-10-31 02:33:09'),(219,1,1,1.00,'2023-02-14','customer','2025-10-31 02:33:09'),(220,1,2,3.00,'2023-02-14','emergency','2025-10-31 02:33:09'),(221,1,5,1.00,'2023-02-16','customer','2025-10-31 02:33:09'),(222,1,7,1.00,'2023-02-16','customer','2025-10-31 02:33:09'),(223,1,5,1.00,'2023-02-17','customer','2025-10-31 02:33:09'),(224,1,6,3.00,'2023-02-18','emergency','2025-10-31 02:33:09'),(225,1,3,4.00,'2023-02-18','customer','2025-10-31 02:33:09'),(226,1,5,2.00,'2023-02-19','customer','2025-10-31 02:33:09'),(227,1,7,2.00,'2023-02-21','customer','2025-10-31 02:33:09'),(228,1,3,2.00,'2023-02-21','customer','2025-10-31 02:33:09'),(229,1,3,4.00,'2023-02-22','customer','2025-10-31 02:33:09'),(230,1,5,1.00,'2023-02-22','customer','2025-10-31 02:33:09'),(231,1,2,1.00,'2023-02-22','emergency','2025-10-31 02:33:09'),(232,1,6,5.00,'2023-02-22','customer','2025-10-31 02:33:09'),(233,1,1,2.00,'2023-02-24','customer','2025-10-31 02:33:09'),(234,1,2,2.00,'2023-02-24','customer','2025-10-31 02:33:09'),(235,1,6,2.00,'2023-02-24','emergency','2025-10-31 02:33:09'),(236,1,7,2.00,'2023-02-24','customer','2025-10-31 02:33:09'),(237,1,2,3.00,'2023-02-25','customer','2025-10-31 02:33:09'),(238,1,4,1.00,'2023-02-27','customer','2025-10-31 02:33:09'),(239,1,2,2.00,'2023-02-27','customer','2025-10-31 02:33:09'),(240,1,7,1.00,'2023-02-27','emergency','2025-10-31 02:33:09'),(241,1,5,4.00,'2023-02-28','customer','2025-10-31 02:33:09'),(242,1,7,2.00,'2023-03-01','customer','2025-10-31 02:33:09'),(243,1,5,3.00,'2023-03-01','customer','2025-10-31 02:33:09'),(244,1,3,2.00,'2023-03-01','customer','2025-10-31 02:33:09'),(245,1,1,5.00,'2023-03-01','customer','2025-10-31 02:33:09'),(246,1,2,5.00,'2023-03-02','customer','2025-10-31 02:33:09'),(247,1,6,2.00,'2023-03-03','customer','2025-10-31 02:33:09'),(248,1,4,3.00,'2023-03-04','customer','2025-10-31 02:33:09'),(249,1,5,1.00,'2023-03-04','customer','2025-10-31 02:33:09'),(250,1,6,3.00,'2023-03-04','customer','2025-10-31 02:33:09'),(251,1,6,3.00,'2023-03-05','customer','2025-10-31 02:33:09'),(252,1,4,2.00,'2023-03-05','customer','2025-10-31 02:33:09'),(253,1,3,2.00,'2023-03-05','customer','2025-10-31 02:33:09'),(254,1,2,1.00,'2023-03-05','customer','2025-10-31 02:33:09'),(255,1,4,5.00,'2023-03-09','customer','2025-10-31 02:33:09'),(256,1,3,2.00,'2023-03-09','emergency','2025-10-31 02:33:09'),(257,1,7,2.00,'2023-03-10','customer','2025-10-31 02:33:09'),(258,1,6,4.00,'2023-03-10','emergency','2025-10-31 02:33:09'),(259,1,4,1.00,'2023-03-11','customer','2025-10-31 02:33:09'),(260,1,2,3.00,'2023-03-12','customer','2025-10-31 02:33:09'),(261,1,3,7.00,'2023-03-12','customer','2025-10-31 02:33:09'),(262,1,7,1.00,'2023-03-13','emergency','2025-10-31 02:33:09'),(263,1,4,3.00,'2023-03-13','emergency','2025-10-31 02:33:09'),(264,1,2,3.00,'2023-03-13','customer','2025-10-31 02:33:09'),(265,1,7,8.00,'2023-03-14','customer','2025-10-31 02:33:09'),(266,1,4,3.00,'2023-03-15','customer','2025-10-31 02:33:09'),(267,1,3,3.00,'2023-03-16','customer','2025-10-31 02:33:09'),(268,1,6,5.00,'2023-03-16','customer','2025-10-31 02:33:09'),(269,1,5,3.00,'2023-03-16','customer','2025-10-31 02:33:09'),(270,1,3,1.00,'2023-03-17','customer','2025-10-31 02:33:09'),(271,1,1,5.00,'2023-03-17','customer','2025-10-31 02:33:09'),(272,1,7,3.00,'2023-03-17','customer','2025-10-31 02:33:09'),(273,1,5,3.00,'2023-03-18','customer','2025-10-31 02:33:09'),(274,1,7,1.00,'2023-03-20','customer','2025-10-31 02:33:09'),(275,1,4,3.00,'2023-03-20','customer','2025-10-31 02:33:09'),(276,1,2,7.00,'2023-03-22','customer','2025-10-31 02:33:09'),(277,1,4,3.00,'2023-03-22','emergency','2025-10-31 02:33:09'),(278,1,6,4.00,'2023-03-24','customer','2025-10-31 02:33:09'),(279,1,1,1.00,'2023-03-24','customer','2025-10-31 02:33:09'),(280,1,6,4.00,'2023-03-25','customer','2025-10-31 02:33:09'),(281,1,4,2.00,'2023-03-25','customer','2025-10-31 02:33:09'),(282,1,2,4.00,'2023-03-25','customer','2025-10-31 02:33:09'),(283,1,7,2.00,'2023-03-25','customer','2025-10-31 02:33:09'),(284,1,3,3.00,'2023-03-26','customer','2025-10-31 02:33:09'),(285,1,6,1.00,'2023-03-26','customer','2025-10-31 02:33:09'),(286,1,1,2.00,'2023-03-27','customer','2025-10-31 02:33:09'),(287,1,4,8.00,'2023-03-27','emergency','2025-10-31 02:33:09'),(288,1,7,3.00,'2023-03-27','customer','2025-10-31 02:33:09'),(289,1,5,5.00,'2023-03-28','customer','2025-10-31 02:33:09'),(290,1,2,1.00,'2023-03-28','emergency','2025-10-31 02:33:09'),(291,1,4,1.00,'2023-03-30','customer','2025-10-31 02:33:09'),(292,1,1,3.00,'2023-03-30','customer','2025-10-31 02:33:09'),(293,1,4,3.00,'2023-03-31','customer','2025-10-31 02:33:09'),(294,1,3,2.00,'2023-03-31','customer','2025-10-31 02:33:09'),(295,1,1,1.00,'2023-03-31','emergency','2025-10-31 02:33:09'),(296,1,5,3.00,'2023-03-31','customer','2025-10-31 02:33:09'),(297,1,2,6.00,'2023-04-01','customer','2025-10-31 02:33:09'),(298,1,6,2.00,'2023-04-01','customer','2025-10-31 02:33:09'),(299,1,7,1.00,'2023-04-02','customer','2025-10-31 02:33:09'),(300,1,1,1.00,'2023-04-04','customer','2025-10-31 02:33:09'),(301,1,6,2.00,'2023-04-04','customer','2025-10-31 02:33:09'),(302,1,5,1.00,'2023-04-04','customer','2025-10-31 02:33:09'),(303,1,5,1.00,'2023-04-05','customer','2025-10-31 02:33:09'),(304,1,1,2.00,'2023-04-06','emergency','2025-10-31 02:33:09'),(305,1,2,4.00,'2023-04-07','customer','2025-10-31 02:33:09'),(306,1,1,3.00,'2023-04-07','customer','2025-10-31 02:33:09'),(307,1,3,3.00,'2023-04-07','customer','2025-10-31 02:33:09'),(308,1,6,3.00,'2023-04-08','customer','2025-10-31 02:33:09'),(309,1,7,4.00,'2023-04-08','customer','2025-10-31 02:33:09'),(310,1,5,2.00,'2023-04-08','customer','2025-10-31 02:33:09'),(311,1,3,5.00,'2023-04-08','customer','2025-10-31 02:33:09'),(312,1,5,2.00,'2023-04-09','customer','2025-10-31 02:33:09'),(313,1,4,2.00,'2023-04-09','customer','2025-10-31 02:33:09'),(314,1,3,5.00,'2023-04-09','customer','2025-10-31 02:33:09'),(315,1,3,2.00,'2023-04-10','customer','2025-10-31 02:33:09'),(316,1,5,2.00,'2023-04-11','customer','2025-10-31 02:33:09'),(317,1,7,5.00,'2023-04-12','customer','2025-10-31 02:33:09'),(318,1,4,1.00,'2023-04-12','emergency','2025-10-31 02:33:09'),(319,1,6,2.00,'2023-04-13','customer','2025-10-31 02:33:09'),(320,1,5,4.00,'2023-04-13','customer','2025-10-31 02:33:09'),(321,1,1,3.00,'2023-04-13','customer','2025-10-31 02:33:09'),(322,1,2,1.00,'2023-04-13','customer','2025-10-31 02:33:09'),(323,1,4,2.00,'2023-04-14','customer','2025-10-31 02:33:09'),(324,1,5,2.00,'2023-04-14','customer','2025-10-31 02:33:09'),(325,1,2,1.00,'2023-04-14','customer','2025-10-31 02:33:09'),(326,1,6,4.00,'2023-04-15','customer','2025-10-31 02:33:09'),(327,1,3,4.00,'2023-04-15','customer','2025-10-31 02:33:09'),(328,1,6,4.00,'2023-04-16','customer','2025-10-31 02:33:09'),(329,1,5,1.00,'2023-04-17','customer','2025-10-31 02:33:09'),(330,1,4,5.00,'2023-04-17','customer','2025-10-31 02:33:09'),(331,1,1,6.00,'2023-04-17','customer','2025-10-31 02:33:09'),(332,1,6,3.00,'2023-04-17','customer','2025-10-31 02:33:09'),(333,1,3,6.00,'2023-04-18','customer','2025-10-31 02:33:09'),(334,1,2,3.00,'2023-04-18','customer','2025-10-31 02:33:09'),(335,1,7,3.00,'2023-04-19','customer','2025-10-31 02:33:09'),(336,1,4,3.00,'2023-04-20','customer','2025-10-31 02:33:09'),(337,1,5,8.00,'2023-04-20','emergency','2025-10-31 02:33:09'),(338,1,7,3.00,'2023-04-21','customer','2025-10-31 02:33:09'),(339,1,6,6.00,'2023-04-21','customer','2025-10-31 02:33:09'),(340,1,2,1.00,'2023-04-21','customer','2025-10-31 02:33:09'),(341,1,7,2.00,'2023-04-22','customer','2025-10-31 02:33:09'),(342,1,2,1.00,'2023-04-22','customer','2025-10-31 02:33:09'),(343,1,4,4.00,'2023-04-22','customer','2025-10-31 02:33:09'),(344,1,1,2.00,'2023-04-23','customer','2025-10-31 02:33:09'),(345,1,2,1.00,'2023-04-23','emergency','2025-10-31 02:33:09'),(346,1,1,3.00,'2023-04-25','customer','2025-10-31 02:33:09'),(347,1,4,4.00,'2023-04-25','customer','2025-10-31 02:33:09'),(348,1,2,1.00,'2023-04-25','customer','2025-10-31 02:33:09'),(349,1,3,3.00,'2023-04-25','customer','2025-10-31 02:33:09'),(350,1,6,1.00,'2023-04-26','customer','2025-10-31 02:33:09'),(351,1,3,5.00,'2023-04-28','customer','2025-10-31 02:33:09'),(352,1,2,1.00,'2023-04-29','customer','2025-10-31 02:33:09'),(353,1,6,4.00,'2023-05-01','customer','2025-10-31 02:33:09'),(354,1,2,3.00,'2023-05-02','customer','2025-10-31 02:33:09'),(355,1,1,2.00,'2023-05-02','customer','2025-10-31 02:33:09'),(356,1,5,3.00,'2023-05-02','emergency','2025-10-31 02:33:09'),(357,1,3,2.00,'2023-05-03','customer','2025-10-31 02:33:09'),(358,1,7,3.00,'2023-05-03','customer','2025-10-31 02:33:09'),(359,1,6,7.00,'2023-05-03','customer','2025-10-31 02:33:09'),(360,1,7,4.00,'2023-05-04','customer','2025-10-31 02:33:09'),(361,1,2,4.00,'2023-05-04','customer','2025-10-31 02:33:09'),(362,1,1,5.00,'2023-05-04','customer','2025-10-31 02:33:09'),(363,1,6,4.00,'2023-05-04','customer','2025-10-31 02:33:09'),(364,1,1,4.00,'2023-05-05','customer','2025-10-31 02:33:09'),(365,1,4,6.00,'2023-05-05','customer','2025-10-31 02:33:09'),(366,1,6,3.00,'2023-05-06','customer','2025-10-31 02:33:09'),(367,1,5,1.00,'2023-05-09','customer','2025-10-31 02:33:09'),(368,1,2,2.00,'2023-05-09','customer','2025-10-31 02:33:09'),(369,1,1,4.00,'2023-05-09','customer','2025-10-31 02:33:09'),(370,1,7,5.00,'2023-05-09','customer','2025-10-31 02:33:09'),(371,1,3,7.00,'2023-05-10','customer','2025-10-31 02:33:09'),(372,1,5,2.00,'2023-05-11','customer','2025-10-31 02:33:09'),(373,1,6,3.00,'2023-05-11','emergency','2025-10-31 02:33:09'),(374,1,7,3.00,'2023-05-11','customer','2025-10-31 02:33:09'),(375,1,3,1.00,'2023-05-11','customer','2025-10-31 02:33:09'),(376,1,7,4.00,'2023-05-12','customer','2025-10-31 02:33:09'),(377,1,2,7.00,'2023-05-13','customer','2025-10-31 02:33:09'),(378,1,4,3.00,'2023-05-13','customer','2025-10-31 02:33:09'),(379,1,6,4.00,'2023-05-13','customer','2025-10-31 02:33:09'),(380,1,1,3.00,'2023-05-13','customer','2025-10-31 02:33:09'),(381,1,6,1.00,'2023-05-14','emergency','2025-10-31 02:33:09'),(382,1,7,2.00,'2023-05-15','emergency','2025-10-31 02:33:09'),(383,1,5,4.00,'2023-05-15','emergency','2025-10-31 02:33:09'),(384,1,1,3.00,'2023-05-15','customer','2025-10-31 02:33:09'),(385,1,3,7.00,'2023-05-15','customer','2025-10-31 02:33:09'),(386,1,7,6.00,'2023-05-16','customer','2025-10-31 02:33:09'),(387,1,5,10.00,'2023-05-16','customer','2025-10-31 02:33:09'),(388,1,6,6.00,'2023-05-16','customer','2025-10-31 02:33:09'),(389,1,3,2.00,'2023-05-16','customer','2025-10-31 02:33:09'),(390,1,2,5.00,'2023-05-17','customer','2025-10-31 02:33:09'),(391,1,3,5.00,'2023-05-17','customer','2025-10-31 02:33:09'),(392,1,4,4.00,'2023-05-18','customer','2025-10-31 02:33:09'),(393,1,3,4.00,'2023-05-18','customer','2025-10-31 02:33:09'),(394,1,1,4.00,'2023-05-18','customer','2025-10-31 02:33:09'),(395,1,5,2.00,'2023-05-19','customer','2025-10-31 02:33:09'),(396,1,6,6.00,'2023-05-19','customer','2025-10-31 02:33:09'),(397,1,2,6.00,'2023-05-20','customer','2025-10-31 02:33:09'),(398,1,1,3.00,'2023-05-20','customer','2025-10-31 02:33:09'),(399,1,1,3.00,'2023-05-21','customer','2025-10-31 02:33:09'),(400,1,6,3.00,'2023-05-21','emergency','2025-10-31 02:33:09'),(401,1,3,5.00,'2023-05-21','customer','2025-10-31 02:33:09'),(402,1,3,7.00,'2023-05-22','customer','2025-10-31 02:33:09'),(403,1,2,6.00,'2023-05-22','emergency','2025-10-31 02:33:09'),(404,1,1,3.00,'2023-05-22','customer','2025-10-31 02:33:09'),(405,1,6,8.00,'2023-05-22','emergency','2025-10-31 02:33:09'),(406,1,6,6.00,'2023-05-23','customer','2025-10-31 02:33:09'),(407,1,6,6.00,'2023-05-24','customer','2025-10-31 02:33:09'),(408,1,3,3.00,'2023-05-24','customer','2025-10-31 02:33:09'),(409,1,2,4.00,'2023-05-25','customer','2025-10-31 02:33:09'),(410,1,3,6.00,'2023-05-25','customer','2025-10-31 02:33:09'),(411,1,7,2.00,'2023-05-26','customer','2025-10-31 02:33:09'),(412,1,4,3.00,'2023-05-26','customer','2025-10-31 02:33:09'),(413,1,6,4.00,'2023-05-26','customer','2025-10-31 02:33:09'),(414,1,7,5.00,'2023-05-27','customer','2025-10-31 02:33:09'),(415,1,1,6.00,'2023-05-28','customer','2025-10-31 02:33:09'),(416,1,7,4.00,'2023-05-28','customer','2025-10-31 02:33:09'),(417,1,2,3.00,'2023-05-28','customer','2025-10-31 02:33:09'),(418,1,4,3.00,'2023-05-28','customer','2025-10-31 02:33:09'),(419,1,3,1.00,'2023-05-30','customer','2025-10-31 02:33:09'),(420,1,7,4.00,'2023-05-30','customer','2025-10-31 02:33:09'),(421,1,1,4.00,'2023-05-31','customer','2025-10-31 02:33:09'),(422,1,2,5.00,'2023-05-31','customer','2025-10-31 02:33:09'),(423,1,4,5.00,'2023-05-31','emergency','2025-10-31 02:33:09'),(424,1,7,6.00,'2023-05-31','emergency','2025-10-31 02:33:09'),(425,1,4,5.00,'2023-06-01','customer','2025-10-31 02:33:09'),(426,1,5,5.00,'2023-06-02','customer','2025-10-31 02:33:09'),(427,1,1,7.00,'2023-06-02','customer','2025-10-31 02:33:09'),(428,1,7,2.00,'2023-06-02','customer','2025-10-31 02:33:09'),(429,1,7,7.00,'2023-06-03','customer','2025-10-31 02:33:09'),(430,1,2,5.00,'2023-06-04','customer','2025-10-31 02:33:09'),(431,1,6,3.00,'2023-06-04','customer','2025-10-31 02:33:09'),(432,1,5,8.00,'2023-06-04','customer','2025-10-31 02:33:09'),(433,1,2,7.00,'2023-06-05','customer','2025-10-31 02:33:09'),(434,1,3,7.00,'2023-06-05','customer','2025-10-31 02:33:09'),(435,1,6,2.00,'2023-06-05','customer','2025-10-31 02:33:09'),(436,1,7,4.00,'2023-06-05','customer','2025-10-31 02:33:09'),(437,1,3,8.00,'2023-06-06','customer','2025-10-31 02:33:09'),(438,1,6,6.00,'2023-06-06','customer','2025-10-31 02:33:09'),(439,1,7,11.00,'2023-06-07','customer','2025-10-31 02:33:09'),(440,1,2,6.00,'2023-06-07','customer','2025-10-31 02:33:09'),(441,1,1,4.00,'2023-06-07','customer','2025-10-31 02:33:09'),(442,1,4,3.00,'2023-06-07','customer','2025-10-31 02:33:09'),(443,1,4,6.00,'2023-06-08','customer','2025-10-31 02:33:09'),(444,1,7,7.00,'2023-06-08','customer','2025-10-31 02:33:09'),(445,1,3,2.00,'2023-06-08','customer','2025-10-31 02:33:09'),(446,1,7,7.00,'2023-06-09','customer','2025-10-31 02:33:09'),(447,1,2,4.00,'2023-06-09','customer','2025-10-31 02:33:09'),(448,1,5,8.00,'2023-06-10','customer','2025-10-31 02:33:09'),(449,1,4,5.00,'2023-06-10','customer','2025-10-31 02:33:09'),(450,1,4,3.00,'2023-06-11','customer','2025-10-31 02:33:09'),(451,1,6,5.00,'2023-06-11','customer','2025-10-31 02:33:09'),(452,1,5,6.00,'2023-06-11','customer','2025-10-31 02:33:09'),(453,1,3,5.00,'2023-06-11','customer','2025-10-31 02:33:09'),(454,1,4,5.00,'2023-06-12','customer','2025-10-31 02:33:09'),(455,1,2,5.00,'2023-06-12','customer','2025-10-31 02:33:09'),(456,1,7,4.00,'2023-06-13','customer','2025-10-31 02:33:09'),(457,1,1,7.00,'2023-06-13','customer','2025-10-31 02:33:09'),(458,1,6,4.00,'2023-06-13','customer','2025-10-31 02:33:09'),(459,1,5,4.00,'2023-06-13','customer','2025-10-31 02:33:09'),(460,1,2,9.00,'2023-06-15','emergency','2025-10-31 02:33:09'),(461,1,3,5.00,'2023-06-16','customer','2025-10-31 02:33:09'),(462,1,4,10.00,'2023-06-17','customer','2025-10-31 02:33:09'),(463,1,7,2.00,'2023-06-17','customer','2025-10-31 02:33:09'),(464,1,1,7.00,'2023-06-18','customer','2025-10-31 02:33:09'),(465,1,5,7.00,'2023-06-18','customer','2025-10-31 02:33:09'),(466,1,6,5.00,'2023-06-20','customer','2025-10-31 02:33:09'),(467,1,5,4.00,'2023-06-20','customer','2025-10-31 02:33:09'),(468,1,7,5.00,'2023-06-20','customer','2025-10-31 02:33:09'),(469,1,4,7.00,'2023-06-20','customer','2025-10-31 02:33:09'),(470,1,4,8.00,'2023-06-21','customer','2025-10-31 02:33:09'),(471,1,6,5.00,'2023-06-22','customer','2025-10-31 02:33:09'),(472,1,3,5.00,'2023-06-22','customer','2025-10-31 02:33:09'),(473,1,5,5.00,'2023-06-23','customer','2025-10-31 02:33:09'),(474,1,4,5.00,'2023-06-23','customer','2025-10-31 02:33:09'),(475,1,4,3.00,'2023-06-25','emergency','2025-10-31 02:33:09'),(476,1,1,8.00,'2023-06-25','customer','2025-10-31 02:33:09'),(477,1,5,3.00,'2023-06-26','customer','2025-10-31 02:33:09'),(478,1,1,3.00,'2023-06-27','customer','2025-10-31 02:33:09'),(479,1,6,4.00,'2023-06-28','emergency','2025-10-31 02:33:09'),(480,1,4,6.00,'2023-06-29','customer','2025-10-31 02:33:09'),(481,1,6,5.00,'2023-06-30','customer','2025-10-31 02:33:09'),(482,1,6,3.00,'2023-07-01','customer','2025-10-31 02:33:09'),(483,1,1,3.00,'2023-07-01','customer','2025-10-31 02:33:09'),(484,1,4,1.00,'2023-07-01','customer','2025-10-31 02:33:09'),(485,1,5,2.00,'2023-07-01','customer','2025-10-31 02:33:09'),(486,1,1,5.00,'2023-07-03','customer','2025-10-31 02:33:09'),(487,1,2,2.00,'2023-07-03','customer','2025-10-31 02:33:09'),(488,1,5,3.00,'2023-07-04','customer','2025-10-31 02:33:09'),(489,1,4,5.00,'2023-07-04','emergency','2025-10-31 02:33:09'),(490,1,3,3.00,'2023-07-04','customer','2025-10-31 02:33:09'),(491,1,6,8.00,'2023-07-05','customer','2025-10-31 02:33:09'),(492,1,7,4.00,'2023-07-05','customer','2025-10-31 02:33:09'),(493,1,2,4.00,'2023-07-05','customer','2025-10-31 02:33:09'),(494,1,5,3.00,'2023-07-06','customer','2025-10-31 02:33:09'),(495,1,3,6.00,'2023-07-06','customer','2025-10-31 02:33:09'),(496,1,1,3.00,'2023-07-06','customer','2025-10-31 02:33:09'),(497,1,4,1.00,'2023-07-06','customer','2025-10-31 02:33:09'),(498,1,5,3.00,'2023-07-07','customer','2025-10-31 02:33:09'),(499,1,4,3.00,'2023-07-09','customer','2025-10-31 02:33:09'),(500,1,6,3.00,'2023-07-09','customer','2025-10-31 02:33:09'),(501,1,7,1.00,'2023-07-10','customer','2025-10-31 02:33:09'),(502,1,2,1.00,'2023-07-10','customer','2025-10-31 02:33:09'),(503,1,5,4.00,'2023-07-10','customer','2025-10-31 02:33:09'),(504,1,6,3.00,'2023-07-11','customer','2025-10-31 02:33:09'),(505,1,2,3.00,'2023-07-11','emergency','2025-10-31 02:33:09'),(506,1,3,4.00,'2023-07-11','customer','2025-10-31 02:33:09'),(507,1,1,4.00,'2023-07-12','customer','2025-10-31 02:33:09'),(508,1,5,1.00,'2023-07-13','customer','2025-10-31 02:33:09'),(509,1,4,3.00,'2023-07-13','customer','2025-10-31 02:33:09'),(510,1,5,4.00,'2023-07-15','customer','2025-10-31 02:33:09'),(511,1,6,3.00,'2023-07-15','customer','2025-10-31 02:33:09'),(512,1,1,5.00,'2023-07-15','customer','2025-10-31 02:33:09'),(513,1,1,4.00,'2023-07-16','customer','2025-10-31 02:33:09'),(514,1,4,6.00,'2023-07-16','customer','2025-10-31 02:33:09'),(515,1,1,4.00,'2023-07-17','customer','2025-10-31 02:33:09'),(516,1,2,2.00,'2023-07-17','customer','2025-10-31 02:33:09'),(517,1,7,3.00,'2023-07-17','customer','2025-10-31 02:33:09'),(518,1,5,2.00,'2023-07-17','customer','2025-10-31 02:33:09'),(519,1,2,3.00,'2023-07-18','customer','2025-10-31 02:33:09'),(520,1,4,3.00,'2023-07-18','customer','2025-10-31 02:33:09'),(521,1,7,3.00,'2023-07-18','customer','2025-10-31 02:33:09'),(522,1,1,1.00,'2023-07-19','customer','2025-10-31 02:33:09'),(523,1,5,2.00,'2023-07-20','customer','2025-10-31 02:33:09'),(524,1,3,6.00,'2023-07-21','customer','2025-10-31 02:33:09'),(525,1,5,4.00,'2023-07-21','customer','2025-10-31 02:33:09'),(526,1,1,2.00,'2023-07-23','customer','2025-10-31 02:33:09'),(527,1,5,5.00,'2023-07-24','customer','2025-10-31 02:33:09'),(528,1,4,5.00,'2023-07-28','customer','2025-10-31 02:33:09'),(529,1,3,2.00,'2023-07-29','customer','2025-10-31 02:33:09'),(530,1,2,3.00,'2023-07-30','customer','2025-10-31 02:33:09'),(531,1,3,4.00,'2023-07-30','customer','2025-10-31 02:33:09'),(532,1,1,5.00,'2023-07-30','customer','2025-10-31 02:33:09'),(533,1,6,2.00,'2023-07-30','customer','2025-10-31 02:33:09'),(534,1,1,1.00,'2023-07-31','customer','2025-10-31 02:33:09'),(535,1,4,2.00,'2023-07-31','customer','2025-10-31 02:33:09'),(536,1,7,2.00,'2023-07-31','customer','2025-10-31 02:33:09'),(537,1,5,1.00,'2023-07-31','customer','2025-10-31 02:33:09'),(538,1,6,4.00,'2023-08-01','customer','2025-10-31 02:33:09'),(539,1,4,1.00,'2023-08-01','customer','2025-10-31 02:33:09'),(540,1,1,3.00,'2023-08-01','customer','2025-10-31 02:33:09'),(541,1,5,4.00,'2023-08-01','customer','2025-10-31 02:33:09'),(542,1,6,4.00,'2023-08-02','customer','2025-10-31 02:33:09'),(543,1,3,4.00,'2023-08-02','customer','2025-10-31 02:33:09'),(544,1,1,3.00,'2023-08-05','emergency','2025-10-31 02:33:09'),(545,1,2,3.00,'2023-08-05','customer','2025-10-31 02:33:09'),(546,1,5,2.00,'2023-08-06','customer','2025-10-31 02:33:09'),(547,1,3,1.00,'2023-08-07','customer','2025-10-31 02:33:09'),(548,1,1,3.00,'2023-08-07','customer','2025-10-31 02:33:09'),(549,1,4,2.00,'2023-08-07','customer','2025-10-31 02:33:09'),(550,1,1,5.00,'2023-08-08','emergency','2025-10-31 02:33:09'),(551,1,7,3.00,'2023-08-08','customer','2025-10-31 02:33:09'),(552,1,4,4.00,'2023-08-08','customer','2025-10-31 02:33:09'),(553,1,6,3.00,'2023-08-09','customer','2025-10-31 02:33:09'),(554,1,1,1.00,'2023-08-09','customer','2025-10-31 02:33:09'),(555,1,3,4.00,'2023-08-10','customer','2025-10-31 02:33:09'),(556,1,2,1.00,'2023-08-10','customer','2025-10-31 02:33:09'),(557,1,6,4.00,'2023-08-10','customer','2025-10-31 02:33:09'),(558,1,5,2.00,'2023-08-10','customer','2025-10-31 02:33:09'),(559,1,4,3.00,'2023-08-11','customer','2025-10-31 02:33:09'),(560,1,5,2.00,'2023-08-11','customer','2025-10-31 02:33:09'),(561,1,6,3.00,'2023-08-11','customer','2025-10-31 02:33:09'),(562,1,2,4.00,'2023-08-12','customer','2025-10-31 02:33:09'),(563,1,3,3.00,'2023-08-12','customer','2025-10-31 02:33:09'),(564,1,1,1.00,'2023-08-13','customer','2025-10-31 02:33:09'),(565,1,4,7.00,'2023-08-14','customer','2025-10-31 02:33:09'),(566,1,1,4.00,'2023-08-14','emergency','2025-10-31 02:33:09'),(567,1,3,1.00,'2023-08-14','customer','2025-10-31 02:33:09'),(568,1,7,3.00,'2023-08-15','customer','2025-10-31 02:33:09'),(569,1,1,4.00,'2023-08-16','customer','2025-10-31 02:33:09'),(570,1,1,4.00,'2023-08-17','customer','2025-10-31 02:33:09'),(571,1,3,4.00,'2023-08-17','customer','2025-10-31 02:33:09'),(572,1,4,2.00,'2023-08-18','customer','2025-10-31 02:33:09'),(573,1,3,2.00,'2023-08-18','customer','2025-10-31 02:33:09'),(574,1,6,1.00,'2023-08-18','customer','2025-10-31 02:33:09'),(575,1,5,1.00,'2023-08-18','customer','2025-10-31 02:33:09'),(576,1,6,5.00,'2023-08-19','customer','2025-10-31 02:33:09'),(577,1,5,3.00,'2023-08-19','customer','2025-10-31 02:33:09'),(578,1,2,5.00,'2023-08-20','customer','2025-10-31 02:33:09'),(579,1,7,2.00,'2023-08-21','customer','2025-10-31 02:33:09'),(580,1,6,5.00,'2023-08-21','customer','2025-10-31 02:33:09'),(581,1,7,1.00,'2023-08-22','customer','2025-10-31 02:33:09'),(582,1,5,3.00,'2023-08-22','customer','2025-10-31 02:33:09'),(583,1,6,2.00,'2023-08-22','customer','2025-10-31 02:33:09'),(584,1,2,2.00,'2023-08-22','customer','2025-10-31 02:33:09'),(585,1,2,3.00,'2023-08-23','customer','2025-10-31 02:33:09'),(586,1,5,7.00,'2023-08-23','customer','2025-10-31 02:33:09'),(587,1,7,6.00,'2023-08-23','customer','2025-10-31 02:33:09'),(588,1,2,4.00,'2023-08-25','customer','2025-10-31 02:33:09'),(589,1,7,5.00,'2023-08-26','customer','2025-10-31 02:33:09'),(590,1,2,2.00,'2023-08-26','customer','2025-10-31 02:33:09'),(591,1,3,1.00,'2023-08-26','customer','2025-10-31 02:33:09'),(592,1,5,6.00,'2023-08-26','customer','2025-10-31 02:33:09'),(593,1,2,3.00,'2023-08-27','customer','2025-10-31 02:33:09'),(594,1,3,5.00,'2023-08-27','customer','2025-10-31 02:33:09'),(595,1,6,4.00,'2023-08-27','customer','2025-10-31 02:33:09'),(596,1,7,6.00,'2023-08-28','emergency','2025-10-31 02:33:09'),(597,1,2,3.00,'2023-08-28','customer','2025-10-31 02:33:09'),(598,1,6,1.00,'2023-08-29','customer','2025-10-31 02:33:09'),(599,1,1,2.00,'2023-08-29','customer','2025-10-31 02:33:09'),(600,1,4,1.00,'2023-08-29','customer','2025-10-31 02:33:09'),(601,1,2,2.00,'2023-08-30','customer','2025-10-31 02:33:09'),(602,1,4,1.00,'2023-08-30','customer','2025-10-31 02:33:09'),(603,1,7,4.00,'2023-08-30','customer','2025-10-31 02:33:09'),(604,1,1,4.00,'2023-08-31','customer','2025-10-31 02:33:09'),(605,1,3,1.00,'2023-08-31','customer','2025-10-31 02:33:09'),(606,1,2,3.00,'2023-08-31','customer','2025-10-31 02:33:09'),(607,1,4,1.00,'2023-09-01','emergency','2025-10-31 02:33:09'),(608,1,2,1.00,'2023-09-01','customer','2025-10-31 02:33:09'),(609,1,2,1.00,'2023-09-02','customer','2025-10-31 02:33:09'),(610,1,3,3.00,'2023-09-03','customer','2025-10-31 02:33:09'),(611,1,3,3.00,'2023-09-04','customer','2025-10-31 02:33:09'),(612,1,5,2.00,'2023-09-04','customer','2025-10-31 02:33:09'),(613,1,4,4.00,'2023-09-04','customer','2025-10-31 02:33:09'),(614,1,1,6.00,'2023-09-04','emergency','2025-10-31 02:33:09'),(615,1,4,1.00,'2023-09-05','customer','2025-10-31 02:33:09'),(616,1,3,1.00,'2023-09-06','customer','2025-10-31 02:33:09'),(617,1,3,1.00,'2023-09-07','customer','2025-10-31 02:33:09'),(618,1,5,2.00,'2023-09-07','customer','2025-10-31 02:33:09'),(619,1,1,1.00,'2023-09-07','emergency','2025-10-31 02:33:09'),(620,1,3,4.00,'2023-09-09','customer','2025-10-31 02:33:09'),(621,1,5,2.00,'2023-09-09','customer','2025-10-31 02:33:09'),(622,1,4,1.00,'2023-09-09','customer','2025-10-31 02:33:09'),(623,1,2,2.00,'2023-09-10','customer','2025-10-31 02:33:09'),(624,1,7,1.00,'2023-09-10','emergency','2025-10-31 02:33:09'),(625,1,1,1.00,'2023-09-11','customer','2025-10-31 02:33:09'),(626,1,4,2.00,'2023-09-11','emergency','2025-10-31 02:33:09'),(627,1,4,2.00,'2023-09-12','customer','2025-10-31 02:33:09'),(628,1,6,3.00,'2023-09-12','customer','2025-10-31 02:33:09'),(629,1,7,3.00,'2023-09-13','customer','2025-10-31 02:33:09'),(630,1,3,2.00,'2023-09-14','emergency','2025-10-31 02:33:09'),(631,1,1,2.00,'2023-09-14','emergency','2025-10-31 02:33:09'),(632,1,7,1.00,'2023-09-14','customer','2025-10-31 02:33:09'),(633,1,4,3.00,'2023-09-15','emergency','2025-10-31 02:33:09'),(634,1,3,1.00,'2023-09-15','customer','2025-10-31 02:33:09'),(635,1,1,2.00,'2023-09-15','customer','2025-10-31 02:33:09'),(636,1,6,2.00,'2023-09-15','customer','2025-10-31 02:33:09'),(637,1,1,1.00,'2023-09-16','customer','2025-10-31 02:33:09'),(638,1,4,1.00,'2023-09-16','customer','2025-10-31 02:33:09'),(639,1,5,2.00,'2023-09-16','customer','2025-10-31 02:33:09'),(640,1,3,2.00,'2023-09-17','customer','2025-10-31 02:33:09'),(641,1,1,5.00,'2023-09-17','customer','2025-10-31 02:33:09'),(642,1,5,3.00,'2023-09-18','customer','2025-10-31 02:33:09'),(643,1,3,1.00,'2023-09-18','customer','2025-10-31 02:33:09'),(644,1,4,5.00,'2023-09-18','emergency','2025-10-31 02:33:09'),(645,1,5,3.00,'2023-09-19','customer','2025-10-31 02:33:09'),(646,1,7,1.00,'2023-09-19','customer','2025-10-31 02:33:09'),(647,1,6,1.00,'2023-09-19','customer','2025-10-31 02:33:09'),(648,1,3,4.00,'2023-09-21','customer','2025-10-31 02:33:09'),(649,1,5,3.00,'2023-09-21','customer','2025-10-31 02:33:09'),(650,1,6,2.00,'2023-09-21','customer','2025-10-31 02:33:09'),(651,1,2,1.00,'2023-09-22','customer','2025-10-31 02:33:09'),(652,1,1,1.00,'2023-09-22','customer','2025-10-31 02:33:09'),(653,1,6,4.00,'2023-09-22','customer','2025-10-31 02:33:09'),(654,1,7,1.00,'2023-09-22','customer','2025-10-31 02:33:09'),(655,1,5,4.00,'2023-09-23','customer','2025-10-31 02:33:09'),(656,1,2,1.00,'2023-09-23','customer','2025-10-31 02:33:09'),(657,1,1,1.00,'2023-09-23','customer','2025-10-31 02:33:09'),(658,1,3,1.00,'2023-09-24','customer','2025-10-31 02:33:09'),(659,1,4,2.00,'2023-09-25','customer','2025-10-31 02:33:09'),(660,1,1,2.00,'2023-09-25','customer','2025-10-31 02:33:09'),(661,1,2,1.00,'2023-09-25','customer','2025-10-31 02:33:09'),(662,1,5,1.00,'2023-09-26','customer','2025-10-31 02:33:09'),(663,1,4,2.00,'2023-09-26','emergency','2025-10-31 02:33:09'),(664,1,6,1.00,'2023-09-26','customer','2025-10-31 02:33:09'),(665,1,7,2.00,'2023-09-26','customer','2025-10-31 02:33:09'),(666,1,5,3.00,'2023-09-27','customer','2025-10-31 02:33:09'),(667,1,6,4.00,'2023-09-27','customer','2025-10-31 02:33:09'),(668,1,1,1.00,'2023-09-27','emergency','2025-10-31 02:33:09'),(669,1,7,1.00,'2023-09-27','customer','2025-10-31 02:33:09'),(670,1,3,2.00,'2023-09-28','customer','2025-10-31 02:33:09'),(671,1,6,3.00,'2023-09-29','customer','2025-10-31 02:33:09'),(672,1,5,1.00,'2023-09-29','customer','2025-10-31 02:33:09'),(673,1,5,2.00,'2023-09-30','customer','2025-10-31 02:33:09'),(674,1,1,4.00,'2023-10-01','customer','2025-10-31 02:33:09'),(675,1,6,1.00,'2023-10-01','customer','2025-10-31 02:33:09'),(676,1,3,2.00,'2023-10-02','customer','2025-10-31 02:33:09'),(677,1,7,3.00,'2023-10-02','customer','2025-10-31 02:33:09'),(678,1,1,1.00,'2023-10-02','customer','2025-10-31 02:33:09'),(679,1,2,3.00,'2023-10-02','customer','2025-10-31 02:33:09'),(680,1,5,3.00,'2023-10-03','customer','2025-10-31 02:33:09'),(681,1,4,3.00,'2023-10-05','customer','2025-10-31 02:33:09'),(682,1,1,1.00,'2023-10-05','customer','2025-10-31 02:33:09'),(683,1,3,2.00,'2023-10-06','customer','2025-10-31 02:33:09'),(684,1,5,2.00,'2023-10-08','customer','2025-10-31 02:33:09'),(685,1,1,1.00,'2023-10-09','customer','2025-10-31 02:33:09'),(686,1,1,2.00,'2023-10-11','customer','2025-10-31 02:33:09'),(687,1,3,2.00,'2023-10-11','customer','2025-10-31 02:33:09'),(688,1,5,1.00,'2023-10-11','emergency','2025-10-31 02:33:09'),(689,1,3,1.00,'2023-10-12','customer','2025-10-31 02:33:09'),(690,1,1,1.00,'2023-10-12','emergency','2025-10-31 02:33:09'),(691,1,5,2.00,'2023-10-12','customer','2025-10-31 02:33:09'),(692,1,6,3.00,'2023-10-13','customer','2025-10-31 02:33:09'),(693,1,7,2.00,'2023-10-13','customer','2025-10-31 02:33:09'),(694,1,1,1.00,'2023-10-13','customer','2025-10-31 02:33:09'),(695,1,2,2.00,'2023-10-13','customer','2025-10-31 02:33:09'),(696,1,4,1.00,'2023-10-14','customer','2025-10-31 02:33:09'),(697,1,3,1.00,'2023-10-14','customer','2025-10-31 02:33:09'),(698,1,1,4.00,'2023-10-15','customer','2025-10-31 02:33:09'),(699,1,2,2.00,'2023-10-15','customer','2025-10-31 02:33:09'),(700,1,3,4.00,'2023-10-15','customer','2025-10-31 02:33:09'),(701,1,1,2.00,'2023-10-16','customer','2025-10-31 02:33:09'),(702,1,2,1.00,'2023-10-16','customer','2025-10-31 02:33:09'),(703,1,6,1.00,'2023-10-16','customer','2025-10-31 02:33:09'),(704,1,3,3.00,'2023-10-17','customer','2025-10-31 02:33:09'),(705,1,1,1.00,'2023-10-18','customer','2025-10-31 02:33:09'),(706,1,5,5.00,'2023-10-18','customer','2025-10-31 02:33:09'),(707,1,5,3.00,'2023-10-19','customer','2025-10-31 02:33:09'),(708,1,7,1.00,'2023-10-19','customer','2025-10-31 02:33:09'),(709,1,4,1.00,'2023-10-19','customer','2025-10-31 02:33:09'),(710,1,2,2.00,'2023-10-19','customer','2025-10-31 02:33:09'),(711,1,5,1.00,'2023-10-20','customer','2025-10-31 02:33:09'),(712,1,4,1.00,'2023-10-20','customer','2025-10-31 02:33:09'),(713,1,2,1.00,'2023-10-21','customer','2025-10-31 02:33:09'),(714,1,3,4.00,'2023-10-21','customer','2025-10-31 02:33:09'),(715,1,7,1.00,'2023-10-21','customer','2025-10-31 02:33:09'),(716,1,4,3.00,'2023-10-21','customer','2025-10-31 02:33:09'),(717,1,5,4.00,'2023-10-22','customer','2025-10-31 02:33:09'),(718,1,4,4.00,'2023-10-22','customer','2025-10-31 02:33:09'),(719,1,1,2.00,'2023-10-22','customer','2025-10-31 02:33:09'),(720,1,2,1.00,'2023-10-23','customer','2025-10-31 02:33:09'),(721,1,1,2.00,'2023-10-23','customer','2025-10-31 02:33:09'),(722,1,4,4.00,'2023-10-24','customer','2025-10-31 02:33:09'),(723,1,5,4.00,'2023-10-24','customer','2025-10-31 02:33:09'),(724,1,4,2.00,'2023-10-25','customer','2025-10-31 02:33:09'),(725,1,2,1.00,'2023-10-25','customer','2025-10-31 02:33:09'),(726,1,1,2.00,'2023-10-25','customer','2025-10-31 02:33:09'),(727,1,5,1.00,'2023-10-26','customer','2025-10-31 02:33:09'),(728,1,6,3.00,'2023-10-26','customer','2025-10-31 02:33:09'),(729,1,4,1.00,'2023-10-26','customer','2025-10-31 02:33:09'),(730,1,2,3.00,'2023-10-26','customer','2025-10-31 02:33:09'),(731,1,5,2.00,'2023-10-27','customer','2025-10-31 02:33:09'),(732,1,4,4.00,'2023-10-28','customer','2025-10-31 02:33:09'),(733,1,2,4.00,'2023-10-28','customer','2025-10-31 02:33:09'),(734,1,3,2.00,'2023-10-28','customer','2025-10-31 02:33:09'),(735,1,3,2.00,'2023-10-29','customer','2025-10-31 02:33:09'),(736,1,1,1.00,'2023-10-31','customer','2025-10-31 02:33:09'),(737,1,6,2.00,'2023-10-31','customer','2025-10-31 02:33:09'),(738,1,5,2.00,'2023-10-31','customer','2025-10-31 02:33:09'),(739,1,4,3.00,'2023-11-01','customer','2025-10-31 02:33:09'),(740,1,6,3.00,'2023-11-02','customer','2025-10-31 02:33:09'),(741,1,4,4.00,'2023-11-02','customer','2025-10-31 02:33:09'),(742,1,7,1.00,'2023-11-02','customer','2025-10-31 02:33:09'),(743,1,2,2.00,'2023-11-05','customer','2025-10-31 02:33:09'),(744,1,7,1.00,'2023-11-05','customer','2025-10-31 02:33:09'),(745,1,4,2.00,'2023-11-05','customer','2025-10-31 02:33:09'),(746,1,6,2.00,'2023-11-06','customer','2025-10-31 02:33:09'),(747,1,4,1.00,'2023-11-06','customer','2025-10-31 02:33:09'),(748,1,6,2.00,'2023-11-07','customer','2025-10-31 02:33:09'),(749,1,2,1.00,'2023-11-07','customer','2025-10-31 02:33:09'),(750,1,5,5.00,'2023-11-07','customer','2025-10-31 02:33:09'),(751,1,4,1.00,'2023-11-07','customer','2025-10-31 02:33:09'),(752,1,4,1.00,'2023-11-08','customer','2025-10-31 02:33:09'),(753,1,3,4.00,'2023-11-08','customer','2025-10-31 02:33:09'),(754,1,2,1.00,'2023-11-09','customer','2025-10-31 02:33:09'),(755,1,5,4.00,'2023-11-09','customer','2025-10-31 02:33:09'),(756,1,4,1.00,'2023-11-10','customer','2025-10-31 02:33:09'),(757,1,6,1.00,'2023-11-11','customer','2025-10-31 02:33:09'),(758,1,2,3.00,'2023-11-12','customer','2025-10-31 02:33:09'),(759,1,4,3.00,'2023-11-12','customer','2025-10-31 02:33:09'),(760,1,7,1.00,'2023-11-12','customer','2025-10-31 02:33:09'),(761,1,5,3.00,'2023-11-13','customer','2025-10-31 02:33:09'),(762,1,6,1.00,'2023-11-14','emergency','2025-10-31 02:33:09'),(763,1,4,1.00,'2023-11-14','customer','2025-10-31 02:33:09'),(764,1,1,1.00,'2023-11-14','customer','2025-10-31 02:33:09'),(765,1,5,4.00,'2023-11-14','customer','2025-10-31 02:33:09'),(766,1,7,2.00,'2023-11-15','customer','2025-10-31 02:33:09'),(767,1,4,1.00,'2023-11-15','customer','2025-10-31 02:33:09'),(768,1,2,1.00,'2023-11-16','customer','2025-10-31 02:33:09'),(769,1,3,1.00,'2023-11-16','customer','2025-10-31 02:33:09'),(770,1,6,3.00,'2023-11-16','emergency','2025-10-31 02:33:09'),(771,1,6,1.00,'2023-11-17','customer','2025-10-31 02:33:09'),(772,1,1,3.00,'2023-11-18','customer','2025-10-31 02:33:09'),(773,1,6,3.00,'2023-11-18','customer','2025-10-31 02:33:09'),(774,1,5,2.00,'2023-11-18','customer','2025-10-31 02:33:09'),(775,1,2,1.00,'2023-11-18','customer','2025-10-31 02:33:09'),(776,1,7,2.00,'2023-11-19','customer','2025-10-31 02:33:09'),(777,1,7,1.00,'2023-11-20','customer','2025-10-31 02:33:09'),(778,1,4,2.00,'2023-11-20','customer','2025-10-31 02:33:09'),(779,1,1,3.00,'2023-11-20','customer','2025-10-31 02:33:09'),(780,1,6,2.00,'2023-11-20','customer','2025-10-31 02:33:09'),(781,1,5,5.00,'2023-11-21','customer','2025-10-31 02:33:09'),(782,1,4,2.00,'2023-11-21','customer','2025-10-31 02:33:09'),(783,1,2,5.00,'2023-11-21','customer','2025-10-31 02:33:09'),(784,1,3,1.00,'2023-11-21','customer','2025-10-31 02:33:09'),(785,1,3,2.00,'2023-11-22','emergency','2025-10-31 02:33:09'),(786,1,3,1.00,'2023-11-23','customer','2025-10-31 02:33:09'),(787,1,7,3.00,'2023-11-23','customer','2025-10-31 02:33:09'),(788,1,3,2.00,'2023-11-25','customer','2025-10-31 02:33:09'),(789,1,1,2.00,'2023-11-25','customer','2025-10-31 02:33:09'),(790,1,7,1.00,'2023-11-26','customer','2025-10-31 02:33:09'),(791,1,1,1.00,'2023-11-27','emergency','2025-10-31 02:33:09'),(792,1,5,1.00,'2023-11-27','customer','2025-10-31 02:33:09'),(793,1,7,3.00,'2023-11-27','customer','2025-10-31 02:33:09'),(794,1,4,2.00,'2023-11-27','customer','2025-10-31 02:33:09'),(795,1,6,1.00,'2023-11-28','customer','2025-10-31 02:33:09'),(796,1,5,5.00,'2023-11-28','customer','2025-10-31 02:33:09'),(797,1,1,1.00,'2023-11-28','customer','2025-10-31 02:33:09'),(798,1,1,6.00,'2023-11-29','customer','2025-10-31 02:33:09'),(799,1,2,2.00,'2023-11-30','customer','2025-10-31 02:33:09'),(800,1,4,1.00,'2023-12-01','emergency','2025-10-31 02:33:09'),(801,1,4,3.00,'2023-12-02','customer','2025-10-31 02:33:09'),(802,1,5,2.00,'2023-12-02','customer','2025-10-31 02:33:09'),(803,1,1,2.00,'2023-12-02','customer','2025-10-31 02:33:09'),(804,1,2,2.00,'2023-12-03','customer','2025-10-31 02:33:09'),(805,1,2,1.00,'2023-12-04','customer','2025-10-31 02:33:09'),(806,1,6,4.00,'2023-12-04','customer','2025-10-31 02:33:09'),(807,1,3,1.00,'2023-12-04','customer','2025-10-31 02:33:09'),(808,1,5,1.00,'2023-12-05','customer','2025-10-31 02:33:09'),(809,1,4,3.00,'2023-12-05','customer','2025-10-31 02:33:09'),(810,1,3,3.00,'2023-12-05','customer','2025-10-31 02:33:09'),(811,1,6,1.00,'2023-12-06','emergency','2025-10-31 02:33:09'),(812,1,1,3.00,'2023-12-07','customer','2025-10-31 02:33:09'),(813,1,2,1.00,'2023-12-07','customer','2025-10-31 02:33:09'),(814,1,3,2.00,'2023-12-07','customer','2025-10-31 02:33:09'),(815,1,4,3.00,'2023-12-07','emergency','2025-10-31 02:33:09'),(816,1,3,1.00,'2023-12-08','customer','2025-10-31 02:33:09'),(817,1,4,2.00,'2023-12-08','customer','2025-10-31 02:33:09'),(818,1,7,2.00,'2023-12-08','customer','2025-10-31 02:33:09'),(819,1,2,1.00,'2023-12-09','customer','2025-10-31 02:33:09'),(820,1,3,2.00,'2023-12-09','customer','2025-10-31 02:33:09'),(821,1,4,2.00,'2023-12-09','customer','2025-10-31 02:33:09'),(822,1,1,2.00,'2023-12-10','customer','2025-10-31 02:33:09'),(823,1,2,2.00,'2023-12-10','customer','2025-10-31 02:33:09'),(824,1,6,6.00,'2023-12-11','customer','2025-10-31 02:33:09'),(825,1,3,1.00,'2023-12-11','customer','2025-10-31 02:33:09'),(826,1,1,4.00,'2023-12-11','customer','2025-10-31 02:33:09'),(827,1,4,5.00,'2023-12-11','emergency','2025-10-31 02:33:09'),(828,1,1,1.00,'2023-12-12','customer','2025-10-31 02:33:09'),(829,1,2,3.00,'2023-12-12','customer','2025-10-31 02:33:09'),(830,1,3,1.00,'2023-12-12','customer','2025-10-31 02:33:09'),(831,1,3,3.00,'2023-12-13','customer','2025-10-31 02:33:09'),(832,1,5,1.00,'2023-12-13','customer','2025-10-31 02:33:09'),(833,1,1,3.00,'2023-12-14','customer','2025-10-31 02:33:09'),(834,1,6,3.00,'2023-12-14','customer','2025-10-31 02:33:09'),(835,1,1,3.00,'2023-12-15','customer','2025-10-31 02:33:09'),(836,1,3,3.00,'2023-12-15','emergency','2025-10-31 02:33:09'),(837,1,7,1.00,'2023-12-15','customer','2025-10-31 02:33:09'),(838,1,2,5.00,'2023-12-15','customer','2025-10-31 02:33:09'),(839,1,1,2.00,'2023-12-16','customer','2025-10-31 02:33:09'),(840,1,6,2.00,'2023-12-16','customer','2025-10-31 02:33:09'),(841,1,7,2.00,'2023-12-16','emergency','2025-10-31 02:33:09'),(842,1,4,2.00,'2023-12-16','customer','2025-10-31 02:33:09'),(843,1,4,4.00,'2023-12-17','customer','2025-10-31 02:33:09'),(844,1,7,5.00,'2023-12-17','customer','2025-10-31 02:33:09'),(845,1,5,2.00,'2023-12-17','customer','2025-10-31 02:33:09'),(846,1,6,1.00,'2023-12-17','customer','2025-10-31 02:33:09'),(847,1,3,4.00,'2023-12-18','customer','2025-10-31 02:33:09'),(848,1,5,1.00,'2023-12-18','emergency','2025-10-31 02:33:09'),(849,1,7,2.00,'2023-12-18','customer','2025-10-31 02:33:09'),(850,1,5,6.00,'2023-12-19','customer','2025-10-31 02:33:09'),(851,1,1,1.00,'2023-12-19','customer','2025-10-31 02:33:09'),(852,1,3,3.00,'2023-12-21','customer','2025-10-31 02:33:09'),(853,1,7,4.00,'2023-12-21','customer','2025-10-31 02:33:09'),(854,1,4,2.00,'2023-12-21','customer','2025-10-31 02:33:09'),(855,1,1,2.00,'2023-12-22','customer','2025-10-31 02:33:09'),(856,1,6,6.00,'2023-12-22','customer','2025-10-31 02:33:09'),(857,1,2,3.00,'2023-12-22','customer','2025-10-31 02:33:09'),(858,1,3,1.00,'2023-12-22','emergency','2025-10-31 02:33:09'),(859,1,7,3.00,'2023-12-23','customer','2025-10-31 02:33:09'),(860,1,3,3.00,'2023-12-23','emergency','2025-10-31 02:33:09'),(861,1,5,1.00,'2023-12-24','customer','2025-10-31 02:33:09'),(862,1,6,3.00,'2023-12-24','customer','2025-10-31 02:33:09'),(863,1,2,5.00,'2023-12-24','customer','2025-10-31 02:33:09'),(864,1,1,2.00,'2023-12-24','customer','2025-10-31 02:33:09'),(865,1,1,1.00,'2023-12-25','customer','2025-10-31 02:33:09'),(866,1,4,3.00,'2023-12-25','customer','2025-10-31 02:33:09'),(867,1,3,2.00,'2023-12-25','customer','2025-10-31 02:33:09'),(868,1,6,1.00,'2023-12-25','customer','2025-10-31 02:33:09'),(869,1,1,2.00,'2023-12-26','emergency','2025-10-31 02:33:09'),(870,1,6,1.00,'2023-12-26','customer','2025-10-31 02:33:09'),(871,1,7,2.00,'2023-12-26','customer','2025-10-31 02:33:09'),(872,1,5,1.00,'2023-12-26','emergency','2025-10-31 02:33:09'),(873,1,3,4.00,'2023-12-27','customer','2025-10-31 02:33:09'),(874,1,1,1.00,'2023-12-27','customer','2025-10-31 02:33:09'),(875,1,7,2.00,'2023-12-28','customer','2025-10-31 02:33:09'),(876,1,1,3.00,'2023-12-28','customer','2025-10-31 02:33:09'),(877,1,6,2.00,'2023-12-28','customer','2025-10-31 02:33:09'),(878,1,5,1.00,'2023-12-29','customer','2025-10-31 02:33:09'),(879,1,3,1.00,'2023-12-29','customer','2025-10-31 02:33:09'),(880,1,6,3.00,'2023-12-30','customer','2025-10-31 02:33:09'),(881,1,2,3.00,'2023-12-30','customer','2025-10-31 02:33:09'),(882,1,1,1.00,'2023-12-31','customer','2025-10-31 02:33:09'),(883,1,2,1.00,'2023-12-31','customer','2025-10-31 02:33:09'),(884,1,3,1.00,'2023-12-31','customer','2025-10-31 02:33:09'),(885,1,4,3.00,'2023-12-31','customer','2025-10-31 02:33:09'),(886,1,5,1.00,'2024-01-01','emergency','2025-10-31 02:33:09'),(887,1,1,2.00,'2024-01-01','customer','2025-10-31 02:33:09'),(888,1,7,1.00,'2024-01-02','customer','2025-10-31 02:33:09'),(889,1,2,1.00,'2024-01-02','customer','2025-10-31 02:33:09'),(890,1,4,1.00,'2024-01-02','customer','2025-10-31 02:33:09'),(891,1,5,3.00,'2024-01-02','customer','2025-10-31 02:33:09'),(892,1,6,2.00,'2024-01-04','customer','2025-10-31 02:33:09'),(893,1,3,1.00,'2024-01-04','customer','2025-10-31 02:33:09'),(894,1,7,1.00,'2024-01-04','customer','2025-10-31 02:33:09'),(895,1,4,3.00,'2024-01-04','customer','2025-10-31 02:33:09'),(896,1,3,4.00,'2024-01-06','customer','2025-10-31 02:33:09'),(897,1,4,3.00,'2024-01-07','customer','2025-10-31 02:33:09'),(898,1,7,3.00,'2024-01-07','customer','2025-10-31 02:33:09'),(899,1,3,3.00,'2024-01-07','customer','2025-10-31 02:33:09'),(900,1,6,3.00,'2024-01-07','customer','2025-10-31 02:33:09'),(901,1,1,4.00,'2024-01-08','customer','2025-10-31 02:33:09'),(902,1,3,4.00,'2024-01-08','customer','2025-10-31 02:33:09'),(903,1,3,1.00,'2024-01-09','customer','2025-10-31 02:33:09'),(904,1,7,2.00,'2024-01-09','customer','2025-10-31 02:33:09'),(905,1,1,2.00,'2024-01-09','customer','2025-10-31 02:33:09'),(906,1,2,1.00,'2024-01-11','customer','2025-10-31 02:33:09'),(907,1,1,1.00,'2024-01-11','customer','2025-10-31 02:33:09'),(908,1,4,3.00,'2024-01-11','emergency','2025-10-31 02:33:09'),(909,1,6,2.00,'2024-01-12','customer','2025-10-31 02:33:09'),(910,1,2,1.00,'2024-01-12','customer','2025-10-31 02:33:09'),(911,1,3,1.00,'2024-01-13','customer','2025-10-31 02:33:09'),(912,1,5,1.00,'2024-01-13','customer','2025-10-31 02:33:09'),(913,1,2,2.00,'2024-01-13','customer','2025-10-31 02:33:09'),(914,1,1,5.00,'2024-01-13','customer','2025-10-31 02:33:09'),(915,1,4,2.00,'2024-01-14','customer','2025-10-31 02:33:09'),(916,1,5,1.00,'2024-01-14','customer','2025-10-31 02:33:09'),(917,1,2,3.00,'2024-01-14','emergency','2025-10-31 02:33:09'),(918,1,1,2.00,'2024-01-15','customer','2025-10-31 02:33:09'),(919,1,4,3.00,'2024-01-15','customer','2025-10-31 02:33:09'),(920,1,2,2.00,'2024-01-15','customer','2025-10-31 02:33:09'),(921,1,7,1.00,'2024-01-16','customer','2025-10-31 02:33:09'),(922,1,3,2.00,'2024-01-17','customer','2025-10-31 02:33:09'),(923,1,4,3.00,'2024-01-17','customer','2025-10-31 02:33:09'),(924,1,1,1.00,'2024-01-17','customer','2025-10-31 02:33:09'),(925,1,1,2.00,'2024-01-18','emergency','2025-10-31 02:33:09'),(926,1,2,1.00,'2024-01-18','customer','2025-10-31 02:33:09'),(927,1,3,2.00,'2024-01-18','customer','2025-10-31 02:33:09'),(928,1,6,2.00,'2024-01-19','customer','2025-10-31 02:33:09'),(929,1,4,1.00,'2024-01-20','customer','2025-10-31 02:33:09'),(930,1,5,1.00,'2024-01-20','customer','2025-10-31 02:33:09'),(931,1,2,2.00,'2024-01-20','customer','2025-10-31 02:33:09'),(932,1,3,2.00,'2024-01-20','emergency','2025-10-31 02:33:09'),(933,1,7,5.00,'2024-01-21','customer','2025-10-31 02:33:09'),(934,1,3,1.00,'2024-01-21','customer','2025-10-31 02:33:09'),(935,1,5,3.00,'2024-01-22','customer','2025-10-31 02:33:09'),(936,1,1,3.00,'2024-01-22','customer','2025-10-31 02:33:09'),(937,1,6,1.00,'2024-01-22','customer','2025-10-31 02:33:09'),(938,1,7,1.00,'2024-01-22','customer','2025-10-31 02:33:09'),(939,1,3,3.00,'2024-01-23','customer','2025-10-31 02:33:09'),(940,1,7,1.00,'2024-01-25','customer','2025-10-31 02:33:09'),(941,1,4,2.00,'2024-01-25','customer','2025-10-31 02:33:09'),(942,1,1,1.00,'2024-01-26','customer','2025-10-31 02:33:09'),(943,1,2,3.00,'2024-01-26','customer','2025-10-31 02:33:09'),(944,1,6,3.00,'2024-01-26','customer','2025-10-31 02:33:09'),(945,1,5,2.00,'2024-01-26','customer','2025-10-31 02:33:09'),(946,1,4,1.00,'2024-01-27','customer','2025-10-31 02:33:09'),(947,1,7,2.00,'2024-01-27','customer','2025-10-31 02:33:09'),(948,1,3,1.00,'2024-01-27','customer','2025-10-31 02:33:09'),(949,1,1,1.00,'2024-01-27','customer','2025-10-31 02:33:09'),(950,1,3,1.00,'2024-01-28','customer','2025-10-31 02:33:09'),(951,1,6,2.00,'2024-01-29','customer','2025-10-31 02:33:09'),(952,1,3,4.00,'2024-01-29','customer','2025-10-31 02:33:09'),(953,1,2,1.00,'2024-01-30','emergency','2025-10-31 02:33:09'),(954,1,3,4.00,'2024-01-30','customer','2025-10-31 02:33:09'),(955,1,4,2.00,'2024-01-30','customer','2025-10-31 02:33:09'),(956,1,4,1.00,'2024-01-31','customer','2025-10-31 02:33:09'),(957,1,5,3.00,'2024-02-01','emergency','2025-10-31 02:33:09'),(958,1,4,1.00,'2024-02-03','customer','2025-10-31 02:33:09'),(959,1,6,2.00,'2024-02-04','emergency','2025-10-31 02:33:09'),(960,1,7,1.00,'2024-02-04','customer','2025-10-31 02:33:09'),(961,1,2,2.00,'2024-02-04','customer','2025-10-31 02:33:09'),(962,1,7,1.00,'2024-02-05','customer','2025-10-31 02:33:09'),(963,1,6,1.00,'2024-02-06','customer','2025-10-31 02:33:09'),(964,1,4,1.00,'2024-02-06','customer','2025-10-31 02:33:09'),(965,1,1,5.00,'2024-02-06','customer','2025-10-31 02:33:09'),(966,1,7,2.00,'2024-02-06','customer','2025-10-31 02:33:09'),(967,1,1,1.00,'2024-02-07','emergency','2025-10-31 02:33:09'),(968,1,2,1.00,'2024-02-07','customer','2025-10-31 02:33:09'),(969,1,6,2.00,'2024-02-08','customer','2025-10-31 02:33:09'),(970,1,1,3.00,'2024-02-08','customer','2025-10-31 02:33:09'),(971,1,2,1.00,'2024-02-08','customer','2025-10-31 02:33:09'),(972,1,2,4.00,'2024-02-09','customer','2025-10-31 02:33:09'),(973,1,4,1.00,'2024-02-10','emergency','2025-10-31 02:33:09'),(974,1,1,1.00,'2024-02-10','customer','2025-10-31 02:33:09'),(975,1,2,2.00,'2024-02-13','emergency','2025-10-31 02:33:09'),(976,1,6,1.00,'2024-02-13','customer','2025-10-31 02:33:09'),(977,1,7,3.00,'2024-02-13','customer','2025-10-31 02:33:09'),(978,1,5,4.00,'2024-02-13','customer','2025-10-31 02:33:09'),(979,1,3,1.00,'2024-02-14','customer','2025-10-31 02:33:09'),(980,1,4,1.00,'2024-02-14','customer','2025-10-31 02:33:09'),(981,1,7,1.00,'2024-02-15','emergency','2025-10-31 02:33:09'),(982,1,1,2.00,'2024-02-16','customer','2025-10-31 02:33:09'),(983,1,7,1.00,'2024-02-17','customer','2025-10-31 02:33:09'),(984,1,3,1.00,'2024-02-17','customer','2025-10-31 02:33:09'),(985,1,6,1.00,'2024-02-18','customer','2025-10-31 02:33:09'),(986,1,1,1.00,'2024-02-18','customer','2025-10-31 02:33:09'),(987,1,4,1.00,'2024-02-19','customer','2025-10-31 02:33:09'),(988,1,5,4.00,'2024-02-19','customer','2025-10-31 02:33:09'),(989,1,7,1.00,'2024-02-19','customer','2025-10-31 02:33:09'),(990,1,2,1.00,'2024-02-19','customer','2025-10-31 02:33:09'),(991,1,5,1.00,'2024-02-20','customer','2025-10-31 02:33:09'),(992,1,1,4.00,'2024-02-21','customer','2025-10-31 02:33:09'),(993,1,6,1.00,'2024-02-21','customer','2025-10-31 02:33:09'),(994,1,5,1.00,'2024-02-21','customer','2025-10-31 02:33:09'),(995,1,1,1.00,'2024-02-22','emergency','2025-10-31 02:33:09'),(996,1,2,1.00,'2024-02-22','customer','2025-10-31 02:33:09'),(997,1,2,1.00,'2024-02-23','emergency','2025-10-31 02:33:09'),(998,1,3,2.00,'2024-02-24','customer','2025-10-31 02:33:09'),(999,1,2,3.00,'2024-02-24','customer','2025-10-31 02:33:09'),(1000,1,4,1.00,'2024-02-25','emergency','2025-10-31 02:33:09'),(1001,1,5,1.00,'2024-02-25','customer','2025-10-31 02:33:09'),(1002,1,1,4.00,'2024-02-26','customer','2025-10-31 02:33:09'),(1003,1,7,1.00,'2024-02-26','customer','2025-10-31 02:33:09'),(1004,1,3,3.00,'2024-02-26','customer','2025-10-31 02:33:09'),(1005,1,1,6.00,'2024-02-27','customer','2025-10-31 02:33:09'),(1006,1,2,1.00,'2024-02-27','emergency','2025-10-31 02:33:09'),(1007,1,1,5.00,'2024-02-28','customer','2025-10-31 02:33:09'),(1008,1,3,2.00,'2024-02-28','customer','2025-10-31 02:33:09'),(1009,1,1,2.00,'2024-03-03','customer','2025-10-31 02:33:09'),(1010,1,4,3.00,'2024-03-03','customer','2025-10-31 02:33:09'),(1011,1,5,3.00,'2024-03-04','customer','2025-10-31 02:33:09'),(1012,1,6,4.00,'2024-03-04','customer','2025-10-31 02:33:09'),(1013,1,2,4.00,'2024-03-04','customer','2025-10-31 02:33:09'),(1014,1,4,3.00,'2024-03-04','customer','2025-10-31 02:33:09'),(1015,1,6,3.00,'2024-03-06','customer','2025-10-31 02:33:09'),(1016,1,7,5.00,'2024-03-06','customer','2025-10-31 02:33:09'),(1017,1,3,1.00,'2024-03-08','customer','2025-10-31 02:33:09'),(1018,1,2,3.00,'2024-03-08','customer','2025-10-31 02:33:09'),(1019,1,4,3.00,'2024-03-09','customer','2025-10-31 02:33:09'),(1020,1,5,4.00,'2024-03-10','customer','2025-10-31 02:33:09'),(1021,1,3,2.00,'2024-03-10','customer','2025-10-31 02:33:09'),(1022,1,7,2.00,'2024-03-10','customer','2025-10-31 02:33:09'),(1023,1,4,3.00,'2024-03-10','emergency','2025-10-31 02:33:09'),(1024,1,2,2.00,'2024-03-11','customer','2025-10-31 02:33:09'),(1025,1,7,1.00,'2024-03-12','customer','2025-10-31 02:33:09'),(1026,1,3,5.00,'2024-03-12','customer','2025-10-31 02:33:09'),(1027,1,5,4.00,'2024-03-12','customer','2025-10-31 02:33:09'),(1028,1,1,3.00,'2024-03-13','emergency','2025-10-31 02:33:09'),(1029,1,3,4.00,'2024-03-13','customer','2025-10-31 02:33:09'),(1030,1,5,2.00,'2024-03-13','customer','2025-10-31 02:33:09'),(1031,1,5,3.00,'2024-03-16','customer','2025-10-31 02:33:09'),(1032,1,2,6.00,'2024-03-16','emergency','2025-10-31 02:33:09'),(1033,1,7,1.00,'2024-03-16','customer','2025-10-31 02:33:09'),(1034,1,3,6.00,'2024-03-16','customer','2025-10-31 02:33:09'),(1035,1,6,2.00,'2024-03-17','customer','2025-10-31 02:33:09'),(1036,1,4,6.00,'2024-03-17','customer','2025-10-31 02:33:09'),(1037,1,7,3.00,'2024-03-18','customer','2025-10-31 02:33:09'),(1038,1,3,1.00,'2024-03-18','customer','2025-10-31 02:33:09'),(1039,1,3,7.00,'2024-03-19','customer','2025-10-31 02:33:09'),(1040,1,5,5.00,'2024-03-19','emergency','2025-10-31 02:33:09'),(1041,1,6,2.00,'2024-03-19','customer','2025-10-31 02:33:09'),(1042,1,4,6.00,'2024-03-20','customer','2025-10-31 02:33:09'),(1043,1,3,5.00,'2024-03-22','customer','2025-10-31 02:33:09'),(1044,1,6,2.00,'2024-03-22','customer','2025-10-31 02:33:09'),(1045,1,5,4.00,'2024-03-22','customer','2025-10-31 02:33:09'),(1046,1,2,2.00,'2024-03-23','customer','2025-10-31 02:33:09'),(1047,1,2,1.00,'2024-03-24','customer','2025-10-31 02:33:09'),(1048,1,2,4.00,'2024-03-25','customer','2025-10-31 02:33:09'),(1049,1,5,4.00,'2024-03-25','customer','2025-10-31 02:33:09'),(1050,1,1,1.00,'2024-03-26','customer','2025-10-31 02:33:09'),(1051,1,6,5.00,'2024-03-26','customer','2025-10-31 02:33:09'),(1052,1,2,10.00,'2024-03-26','customer','2025-10-31 02:33:09'),(1053,1,7,5.00,'2024-03-26','customer','2025-10-31 02:33:09'),(1054,1,1,1.00,'2024-03-28','customer','2025-10-31 02:33:09'),(1055,1,4,2.00,'2024-03-28','customer','2025-10-31 02:33:09'),(1056,1,7,3.00,'2024-03-28','customer','2025-10-31 02:33:09'),(1057,1,6,1.00,'2024-03-29','customer','2025-10-31 02:33:09'),(1058,1,1,1.00,'2024-03-30','customer','2025-10-31 02:33:09'),(1059,1,4,1.00,'2024-03-30','customer','2025-10-31 02:33:09'),(1060,1,3,3.00,'2024-03-31','customer','2025-10-31 02:33:09'),(1061,1,1,4.00,'2024-03-31','customer','2025-10-31 02:33:09'),(1062,1,6,6.00,'2024-04-01','customer','2025-10-31 02:33:09'),(1063,1,1,4.00,'2024-04-03','customer','2025-10-31 02:33:09'),(1064,1,4,6.00,'2024-04-04','customer','2025-10-31 02:33:09'),(1065,1,2,6.00,'2024-04-04','customer','2025-10-31 02:33:09'),(1066,1,3,6.00,'2024-04-04','customer','2025-10-31 02:33:09'),(1067,1,6,2.00,'2024-04-04','customer','2025-10-31 02:33:09'),(1068,1,4,6.00,'2024-04-05','customer','2025-10-31 02:33:09'),(1069,1,3,4.00,'2024-04-06','customer','2025-10-31 02:33:09'),(1070,1,5,3.00,'2024-04-06','customer','2025-10-31 02:33:09'),(1071,1,1,2.00,'2024-04-06','customer','2025-10-31 02:33:09'),(1072,1,2,4.00,'2024-04-06','emergency','2025-10-31 02:33:09'),(1073,1,5,1.00,'2024-04-07','customer','2025-10-31 02:33:09'),(1074,1,1,3.00,'2024-04-07','customer','2025-10-31 02:33:09'),(1075,1,3,1.00,'2024-04-07','customer','2025-10-31 02:33:09'),(1076,1,1,3.00,'2024-04-08','customer','2025-10-31 02:33:09'),(1077,1,6,2.00,'2024-04-08','customer','2025-10-31 02:33:09'),(1078,1,5,4.00,'2024-04-08','customer','2025-10-31 02:33:09'),(1079,1,7,2.00,'2024-04-08','emergency','2025-10-31 02:33:09'),(1080,1,4,5.00,'2024-04-09','customer','2025-10-31 02:33:09'),(1081,1,4,3.00,'2024-04-10','emergency','2025-10-31 02:33:09'),(1082,1,6,1.00,'2024-04-10','customer','2025-10-31 02:33:09'),(1083,1,7,1.00,'2024-04-10','customer','2025-10-31 02:33:09'),(1084,1,2,4.00,'2024-04-10','customer','2025-10-31 02:33:09'),(1085,1,1,4.00,'2024-04-11','customer','2025-10-31 02:33:09'),(1086,1,2,4.00,'2024-04-11','customer','2025-10-31 02:33:09'),(1087,1,4,1.00,'2024-04-12','customer','2025-10-31 02:33:09'),(1088,1,1,6.00,'2024-04-13','customer','2025-10-31 02:33:09'),(1089,1,7,5.00,'2024-04-13','emergency','2025-10-31 02:33:09'),(1090,1,6,2.00,'2024-04-13','customer','2025-10-31 02:33:09'),(1091,1,3,3.00,'2024-04-13','customer','2025-10-31 02:33:09'),(1092,1,6,5.00,'2024-04-14','customer','2025-10-31 02:33:09'),(1093,1,4,4.00,'2024-04-14','customer','2025-10-31 02:33:09'),(1094,1,3,3.00,'2024-04-14','customer','2025-10-31 02:33:09'),(1095,1,2,5.00,'2024-04-15','customer','2025-10-31 02:33:09'),(1096,1,4,3.00,'2024-04-15','customer','2025-10-31 02:33:09'),(1097,1,6,4.00,'2024-04-15','customer','2025-10-31 02:33:09'),(1098,1,5,1.00,'2024-04-15','customer','2025-10-31 02:33:09'),(1099,1,6,3.00,'2024-04-16','customer','2025-10-31 02:33:09'),(1100,1,7,2.00,'2024-04-16','customer','2025-10-31 02:33:09'),(1101,1,4,6.00,'2024-04-16','customer','2025-10-31 02:33:09'),(1102,1,6,4.00,'2024-04-17','customer','2025-10-31 02:33:09'),(1103,1,3,1.00,'2024-04-17','customer','2025-10-31 02:33:09'),(1104,1,4,2.00,'2024-04-17','customer','2025-10-31 02:33:09'),(1105,1,7,1.00,'2024-04-17','customer','2025-10-31 02:33:09'),(1106,1,1,7.00,'2024-04-18','customer','2025-10-31 02:33:09'),(1107,1,7,3.00,'2024-04-18','customer','2025-10-31 02:33:09'),(1108,1,4,1.00,'2024-04-19','customer','2025-10-31 02:33:09'),(1109,1,7,4.00,'2024-04-19','customer','2025-10-31 02:33:09'),(1110,1,4,2.00,'2024-04-20','customer','2025-10-31 02:33:09'),(1111,1,6,1.00,'2024-04-20','customer','2025-10-31 02:33:09'),(1112,1,3,4.00,'2024-04-20','customer','2025-10-31 02:33:09'),(1113,1,1,7.00,'2024-04-20','customer','2025-10-31 02:33:09'),(1114,1,6,4.00,'2024-04-21','customer','2025-10-31 02:33:09'),(1115,1,3,1.00,'2024-04-21','customer','2025-10-31 02:33:09'),(1116,1,4,2.00,'2024-04-21','customer','2025-10-31 02:33:09'),(1117,1,5,3.00,'2024-04-21','customer','2025-10-31 02:33:09'),(1118,1,4,1.00,'2024-04-22','customer','2025-10-31 02:33:09'),(1119,1,1,1.00,'2024-04-22','customer','2025-10-31 02:33:09'),(1120,1,5,2.00,'2024-04-22','customer','2025-10-31 02:33:09'),(1121,1,2,4.00,'2024-04-22','customer','2025-10-31 02:33:09'),(1122,1,5,3.00,'2024-04-23','customer','2025-10-31 02:33:09'),(1123,1,3,8.00,'2024-04-23','customer','2025-10-31 02:33:09'),(1124,1,2,4.00,'2024-04-23','customer','2025-10-31 02:33:09'),(1125,1,7,3.00,'2024-04-23','customer','2025-10-31 02:33:09'),(1126,1,7,1.00,'2024-04-24','customer','2025-10-31 02:33:09'),(1127,1,5,2.00,'2024-04-25','customer','2025-10-31 02:33:09'),(1128,1,4,2.00,'2024-04-25','customer','2025-10-31 02:33:09'),(1129,1,7,3.00,'2024-04-26','customer','2025-10-31 02:33:09'),(1130,1,5,4.00,'2024-04-27','customer','2025-10-31 02:33:09'),(1131,1,1,3.00,'2024-04-27','customer','2025-10-31 02:33:09'),(1132,1,4,1.00,'2024-04-28','customer','2025-10-31 02:33:09'),(1133,1,2,3.00,'2024-04-28','customer','2025-10-31 02:33:09'),(1134,1,1,2.00,'2024-04-28','emergency','2025-10-31 02:33:09'),(1135,1,2,2.00,'2024-05-01','customer','2025-10-31 02:33:09'),(1136,1,1,1.00,'2024-05-01','customer','2025-10-31 02:33:09'),(1137,1,7,1.00,'2024-05-01','customer','2025-10-31 02:33:09'),(1138,1,6,3.00,'2024-05-01','customer','2025-10-31 02:33:09'),(1139,1,7,2.00,'2024-05-03','customer','2025-10-31 02:33:09'),(1140,1,5,4.00,'2024-05-03','emergency','2025-10-31 02:33:09'),(1141,1,1,6.00,'2024-05-03','customer','2025-10-31 02:33:09'),(1142,1,3,5.00,'2024-05-04','customer','2025-10-31 02:33:09'),(1143,1,6,6.00,'2024-05-04','customer','2025-10-31 02:33:09'),(1144,1,3,2.00,'2024-05-05','customer','2025-10-31 02:33:09'),(1145,1,6,1.00,'2024-05-05','emergency','2025-10-31 02:33:09'),(1146,1,2,3.00,'2024-05-05','customer','2025-10-31 02:33:09'),(1147,1,3,5.00,'2024-05-06','customer','2025-10-31 02:33:09'),(1148,1,2,3.00,'2024-05-06','customer','2025-10-31 02:33:09'),(1149,1,6,7.00,'2024-05-07','customer','2025-10-31 02:33:09'),(1150,1,4,5.00,'2024-05-07','customer','2025-10-31 02:33:09'),(1151,1,6,5.00,'2024-05-08','customer','2025-10-31 02:33:09'),(1152,1,7,4.00,'2024-05-08','customer','2025-10-31 02:33:09'),(1153,1,2,3.00,'2024-05-10','customer','2025-10-31 02:33:09'),(1154,1,4,4.00,'2024-05-10','customer','2025-10-31 02:33:09'),(1155,1,1,5.00,'2024-05-11','customer','2025-10-31 02:33:09'),(1156,1,5,7.00,'2024-05-11','customer','2025-10-31 02:33:09'),(1157,1,1,1.00,'2024-05-12','customer','2025-10-31 02:33:09'),(1158,1,5,3.00,'2024-05-12','customer','2025-10-31 02:33:09'),(1159,1,3,4.00,'2024-05-12','customer','2025-10-31 02:33:09'),(1160,1,1,3.00,'2024-05-14','customer','2025-10-31 02:33:09'),(1161,1,4,3.00,'2024-05-14','customer','2025-10-31 02:33:09'),(1162,1,3,4.00,'2024-05-14','customer','2025-10-31 02:33:09'),(1163,1,5,5.00,'2024-05-15','customer','2025-10-31 02:33:09'),(1164,1,6,3.00,'2024-05-15','customer','2025-10-31 02:33:09'),(1165,1,2,4.00,'2024-05-16','customer','2025-10-31 02:33:09'),(1166,1,3,3.00,'2024-05-16','customer','2025-10-31 02:33:09'),(1167,1,1,5.00,'2024-05-16','customer','2025-10-31 02:33:09'),(1168,1,6,2.00,'2024-05-16','customer','2025-10-31 02:33:09'),(1169,1,2,4.00,'2024-05-17','customer','2025-10-31 02:33:09'),(1170,1,4,7.00,'2024-05-17','emergency','2025-10-31 02:33:09'),(1171,1,5,3.00,'2024-05-19','customer','2025-10-31 02:33:09'),(1172,1,2,3.00,'2024-05-19','customer','2025-10-31 02:33:09'),(1173,1,3,4.00,'2024-05-19','customer','2025-10-31 02:33:09'),(1174,1,4,3.00,'2024-05-20','customer','2025-10-31 02:33:09'),(1175,1,5,7.00,'2024-05-21','customer','2025-10-31 02:33:09'),(1176,1,7,7.00,'2024-05-21','customer','2025-10-31 02:33:09'),(1177,1,5,3.00,'2024-05-22','customer','2025-10-31 02:33:09'),(1178,1,7,3.00,'2024-05-22','customer','2025-10-31 02:33:09'),(1179,1,3,5.00,'2024-05-22','customer','2025-10-31 02:33:09'),(1180,1,1,1.00,'2024-05-22','customer','2025-10-31 02:33:09'),(1181,1,1,3.00,'2024-05-23','customer','2025-10-31 02:33:09'),(1182,1,3,10.00,'2024-05-23','customer','2025-10-31 02:33:09'),(1183,1,7,4.00,'2024-05-23','customer','2025-10-31 02:33:09'),(1184,1,2,6.00,'2024-05-23','customer','2025-10-31 02:33:09'),(1185,1,6,3.00,'2024-05-24','customer','2025-10-31 02:33:09'),(1186,1,2,6.00,'2024-05-24','customer','2025-10-31 02:33:09'),(1187,1,7,3.00,'2024-05-24','customer','2025-10-31 02:33:09'),(1188,1,2,4.00,'2024-05-25','customer','2025-10-31 02:33:09'),(1189,1,5,2.00,'2024-05-25','customer','2025-10-31 02:33:09'),(1190,1,2,3.00,'2024-05-26','customer','2025-10-31 02:33:09'),(1191,1,5,7.00,'2024-05-26','customer','2025-10-31 02:33:09'),(1192,1,3,5.00,'2024-05-26','customer','2025-10-31 02:33:09'),(1193,1,6,5.00,'2024-05-27','customer','2025-10-31 02:33:09'),(1194,1,5,3.00,'2024-05-27','customer','2025-10-31 02:33:09'),(1195,1,2,2.00,'2024-05-28','customer','2025-10-31 02:33:09'),(1196,1,7,6.00,'2024-05-28','customer','2025-10-31 02:33:09'),(1197,1,3,6.00,'2024-05-29','customer','2025-10-31 02:33:09'),(1198,1,5,6.00,'2024-05-29','customer','2025-10-31 02:33:09'),(1199,1,4,8.00,'2024-05-29','emergency','2025-10-31 02:33:09'),(1200,1,2,3.00,'2024-05-29','customer','2025-10-31 02:33:09'),(1201,1,1,3.00,'2024-05-30','customer','2025-10-31 02:33:09'),(1202,1,6,3.00,'2024-05-31','customer','2025-10-31 02:33:09'),(1203,1,5,2.00,'2024-05-31','customer','2025-10-31 02:33:09'),(1204,1,1,2.00,'2024-05-31','customer','2025-10-31 02:33:09'),(1205,1,7,2.00,'2024-05-31','customer','2025-10-31 02:33:09'),(1206,1,7,3.00,'2024-06-01','customer','2025-10-31 02:33:09'),(1207,1,4,6.00,'2024-06-01','customer','2025-10-31 02:33:09'),(1208,1,1,4.00,'2024-06-01','emergency','2025-10-31 02:33:09'),(1209,1,3,6.00,'2024-06-01','customer','2025-10-31 02:33:09'),(1210,1,5,7.00,'2024-06-03','customer','2025-10-31 02:33:09'),(1211,1,6,9.00,'2024-06-03','customer','2025-10-31 02:33:09'),(1212,1,7,3.00,'2024-06-03','customer','2025-10-31 02:33:09'),(1213,1,1,4.00,'2024-06-03','customer','2025-10-31 02:33:09'),(1214,1,6,5.00,'2024-06-04','customer','2025-10-31 02:33:09'),(1215,1,3,8.00,'2024-06-04','customer','2025-10-31 02:33:09'),(1216,1,2,3.00,'2024-06-04','customer','2025-10-31 02:33:09'),(1217,1,7,6.00,'2024-06-04','emergency','2025-10-31 02:33:09'),(1218,1,2,6.00,'2024-06-06','customer','2025-10-31 02:33:09'),(1219,1,6,6.00,'2024-06-06','customer','2025-10-31 02:33:09'),(1220,1,3,8.00,'2024-06-06','customer','2025-10-31 02:33:09'),(1221,1,2,5.00,'2024-06-07','emergency','2025-10-31 02:33:09'),(1222,1,5,4.00,'2024-06-07','emergency','2025-10-31 02:33:09'),(1223,1,6,5.00,'2024-06-07','customer','2025-10-31 02:33:09'),(1224,1,1,4.00,'2024-06-07','customer','2025-10-31 02:33:09'),(1225,1,6,3.00,'2024-06-08','customer','2025-10-31 02:33:09'),(1226,1,1,6.00,'2024-06-08','customer','2025-10-31 02:33:09'),(1227,1,7,5.00,'2024-06-08','customer','2025-10-31 02:33:09'),(1228,1,6,3.00,'2024-06-09','customer','2025-10-31 02:33:09'),(1229,1,4,10.00,'2024-06-10','customer','2025-10-31 02:33:09'),(1230,1,6,2.00,'2024-06-10','customer','2025-10-31 02:33:09'),(1231,1,1,3.00,'2024-06-10','customer','2025-10-31 02:33:09'),(1232,1,3,6.00,'2024-06-10','customer','2025-10-31 02:33:09'),(1233,1,1,3.00,'2024-06-11','customer','2025-10-31 02:33:09'),(1234,1,6,10.00,'2024-06-11','customer','2025-10-31 02:33:09'),(1235,1,7,1.00,'2024-06-11','customer','2025-10-31 02:33:09'),(1236,1,3,7.00,'2024-06-11','customer','2025-10-31 02:33:09'),(1237,1,5,3.00,'2024-06-12','customer','2025-10-31 02:33:09'),(1238,1,2,6.00,'2024-06-12','customer','2025-10-31 02:33:09'),(1239,1,3,5.00,'2024-06-12','customer','2025-10-31 02:33:09'),(1240,1,2,8.00,'2024-06-13','customer','2025-10-31 02:33:09'),(1241,1,6,4.00,'2024-06-13','customer','2025-10-31 02:33:09'),(1242,1,1,4.00,'2024-06-13','customer','2025-10-31 02:33:09'),(1243,1,4,6.00,'2024-06-13','customer','2025-10-31 02:33:09'),(1244,1,3,4.00,'2024-06-14','customer','2025-10-31 02:33:09'),(1245,1,5,4.00,'2024-06-14','customer','2025-10-31 02:33:09'),(1246,1,7,1.00,'2024-06-14','customer','2025-10-31 02:33:09'),(1247,1,1,6.00,'2024-06-15','customer','2025-10-31 02:33:09'),(1248,1,7,4.00,'2024-06-15','customer','2025-10-31 02:33:09'),(1249,1,6,6.00,'2024-06-15','customer','2025-10-31 02:33:09'),(1250,1,1,6.00,'2024-06-16','customer','2025-10-31 02:33:09'),(1251,1,6,6.00,'2024-06-16','customer','2025-10-31 02:33:09'),(1252,1,3,6.00,'2024-06-16','customer','2025-10-31 02:33:09'),(1253,1,3,5.00,'2024-06-17','customer','2025-10-31 02:33:09'),(1254,1,1,3.00,'2024-06-17','customer','2025-10-31 02:33:09'),(1255,1,4,2.00,'2024-06-17','customer','2025-10-31 02:33:09'),(1256,1,2,5.00,'2024-06-17','customer','2025-10-31 02:33:09'),(1257,1,7,4.00,'2024-06-18','customer','2025-10-31 02:33:09'),(1258,1,1,5.00,'2024-06-18','customer','2025-10-31 02:33:09'),(1259,1,2,7.00,'2024-06-18','customer','2025-10-31 02:33:09'),(1260,1,5,4.00,'2024-06-19','customer','2025-10-31 02:33:09'),(1261,1,2,5.00,'2024-06-19','customer','2025-10-31 02:33:09'),(1262,1,1,4.00,'2024-06-19','customer','2025-10-31 02:33:09'),(1263,1,3,9.00,'2024-06-19','customer','2025-10-31 02:33:09'),(1264,1,3,2.00,'2024-06-20','customer','2025-10-31 02:33:09'),(1265,1,6,6.00,'2024-06-20','customer','2025-10-31 02:33:09'),(1266,1,5,6.00,'2024-06-22','customer','2025-10-31 02:33:09'),(1267,1,3,7.00,'2024-06-22','customer','2025-10-31 02:33:09'),(1268,1,3,5.00,'2024-06-23','customer','2025-10-31 02:33:09'),(1269,1,7,5.00,'2024-06-23','customer','2025-10-31 02:33:09'),(1270,1,7,5.00,'2024-06-24','customer','2025-10-31 02:33:09'),(1271,1,2,5.00,'2024-06-24','customer','2025-10-31 02:33:09'),(1272,1,6,7.00,'2024-06-25','customer','2025-10-31 02:33:09'),(1273,1,2,8.00,'2024-06-25','customer','2025-10-31 02:33:09'),(1274,1,7,3.00,'2024-06-26','customer','2025-10-31 02:33:09'),(1275,1,3,4.00,'2024-06-26','emergency','2025-10-31 02:33:09'),(1276,1,5,5.00,'2024-06-26','customer','2025-10-31 02:33:09'),(1277,1,6,5.00,'2024-06-27','customer','2025-10-31 02:33:09'),(1278,1,6,5.00,'2024-06-28','customer','2025-10-31 02:33:09'),(1279,1,3,4.00,'2024-06-28','customer','2025-10-31 02:33:09'),(1280,1,1,1.00,'2024-06-28','customer','2025-10-31 02:33:09'),(1281,1,5,1.00,'2024-06-28','customer','2025-10-31 02:33:09'),(1282,1,2,4.00,'2024-06-29','customer','2025-10-31 02:33:09'),(1283,1,5,4.00,'2024-06-29','customer','2025-10-31 02:33:09'),(1284,1,6,6.00,'2024-06-29','customer','2025-10-31 02:33:09'),(1285,1,3,2.00,'2024-06-29','customer','2025-10-31 02:33:09'),(1286,1,5,3.00,'2024-06-30','customer','2025-10-31 02:33:09'),(1287,1,4,5.00,'2024-06-30','customer','2025-10-31 02:33:09'),(1288,1,6,5.00,'2024-06-30','customer','2025-10-31 02:33:09'),(1289,1,3,4.00,'2024-07-01','customer','2025-10-31 02:33:09'),(1290,1,4,1.00,'2024-07-01','customer','2025-10-31 02:33:09'),(1291,1,7,1.00,'2024-07-01','customer','2025-10-31 02:33:09'),(1292,1,1,1.00,'2024-07-02','customer','2025-10-31 02:33:09'),(1293,1,4,5.00,'2024-07-02','customer','2025-10-31 02:33:09'),(1294,1,5,5.00,'2024-07-02','customer','2025-10-31 02:33:09'),(1295,1,7,1.00,'2024-07-02','emergency','2025-10-31 02:33:09'),(1296,1,2,3.00,'2024-07-03','customer','2025-10-31 02:33:09'),(1297,1,7,4.00,'2024-07-03','customer','2025-10-31 02:33:09'),(1298,1,5,4.00,'2024-07-05','customer','2025-10-31 02:33:09'),(1299,1,3,2.00,'2024-07-05','customer','2025-10-31 02:33:09'),(1300,1,7,3.00,'2024-07-06','customer','2025-10-31 02:33:09'),(1301,1,5,5.00,'2024-07-06','customer','2025-10-31 02:33:09'),(1302,1,6,2.00,'2024-07-06','customer','2025-10-31 02:33:09'),(1303,1,7,1.00,'2024-07-07','customer','2025-10-31 02:33:09'),(1304,1,5,4.00,'2024-07-07','customer','2025-10-31 02:33:09'),(1305,1,7,3.00,'2024-07-08','emergency','2025-10-31 02:33:09'),(1306,1,4,5.00,'2024-07-09','customer','2025-10-31 02:33:09'),(1307,1,7,3.00,'2024-07-09','emergency','2025-10-31 02:33:09'),(1308,1,3,4.00,'2024-07-09','customer','2025-10-31 02:33:09'),(1309,1,4,4.00,'2024-07-10','customer','2025-10-31 02:33:09'),(1310,1,6,7.00,'2024-07-12','customer','2025-10-31 02:33:09'),(1311,1,3,1.00,'2024-07-12','customer','2025-10-31 02:33:09'),(1312,1,4,2.00,'2024-07-12','customer','2025-10-31 02:33:09'),(1313,1,6,1.00,'2024-07-13','customer','2025-10-31 02:33:09'),(1314,1,1,3.00,'2024-07-13','customer','2025-10-31 02:33:09'),(1315,1,4,1.00,'2024-07-13','emergency','2025-10-31 02:33:09'),(1316,1,2,1.00,'2024-07-13','customer','2025-10-31 02:33:09'),(1317,1,4,3.00,'2024-07-17','customer','2025-10-31 02:33:09'),(1318,1,3,6.00,'2024-07-18','customer','2025-10-31 02:33:09'),(1319,1,1,5.00,'2024-07-18','customer','2025-10-31 02:33:09'),(1320,1,1,3.00,'2024-07-19','customer','2025-10-31 02:33:09'),(1321,1,7,3.00,'2024-07-19','customer','2025-10-31 02:33:09'),(1322,1,3,3.00,'2024-07-19','customer','2025-10-31 02:33:09'),(1323,1,5,3.00,'2024-07-19','customer','2025-10-31 02:33:09'),(1324,1,3,5.00,'2024-07-20','customer','2025-10-31 02:33:09'),(1325,1,5,1.00,'2024-07-20','customer','2025-10-31 02:33:09'),(1326,1,6,2.00,'2024-07-20','customer','2025-10-31 02:33:09'),(1327,1,4,1.00,'2024-07-21','customer','2025-10-31 02:33:09'),(1328,1,5,1.00,'2024-07-21','customer','2025-10-31 02:33:09'),(1329,1,7,3.00,'2024-07-21','customer','2025-10-31 02:33:09'),(1330,1,3,4.00,'2024-07-23','customer','2025-10-31 02:33:09'),(1331,1,6,4.00,'2024-07-23','customer','2025-10-31 02:33:09'),(1332,1,4,4.00,'2024-07-23','customer','2025-10-31 02:33:09'),(1333,1,3,5.00,'2024-07-24','emergency','2025-10-31 02:33:09'),(1334,1,6,4.00,'2024-07-25','customer','2025-10-31 02:33:09'),(1335,1,3,6.00,'2024-07-25','customer','2025-10-31 02:33:09'),(1336,1,1,2.00,'2024-07-26','customer','2025-10-31 02:33:09'),(1337,1,6,3.00,'2024-07-26','customer','2025-10-31 02:33:09'),(1338,1,2,2.00,'2024-07-26','customer','2025-10-31 02:33:09'),(1339,1,5,4.00,'2024-07-27','customer','2025-10-31 02:33:09'),(1340,1,7,4.00,'2024-07-27','emergency','2025-10-31 02:33:09'),(1341,1,4,2.00,'2024-07-27','customer','2025-10-31 02:33:09'),(1342,1,6,1.00,'2024-07-27','customer','2025-10-31 02:33:09'),(1343,1,4,6.00,'2024-07-28','customer','2025-10-31 02:33:09'),(1344,1,6,1.00,'2024-07-30','customer','2025-10-31 02:33:09'),(1345,1,4,4.00,'2024-07-30','customer','2025-10-31 02:33:09'),(1346,1,2,3.00,'2024-07-31','customer','2025-10-31 02:33:09'),(1347,1,5,3.00,'2024-07-31','customer','2025-10-31 02:33:09'),(1348,1,6,7.00,'2024-07-31','customer','2025-10-31 02:33:09'),(1349,1,2,8.00,'2024-08-01','emergency','2025-10-31 02:33:09'),(1350,1,4,2.00,'2024-08-02','customer','2025-10-31 02:33:09'),(1351,1,3,1.00,'2024-08-02','customer','2025-10-31 02:33:09'),(1352,1,2,5.00,'2024-08-03','customer','2025-10-31 02:33:09'),(1353,1,2,7.00,'2024-08-04','customer','2025-10-31 02:33:09'),(1354,1,7,3.00,'2024-08-05','customer','2025-10-31 02:33:09'),(1355,1,2,1.00,'2024-08-06','customer','2025-10-31 02:33:09'),(1356,1,1,2.00,'2024-08-07','customer','2025-10-31 02:33:09'),(1357,1,3,1.00,'2024-08-09','customer','2025-10-31 02:33:09'),(1358,1,6,3.00,'2024-08-09','customer','2025-10-31 02:33:09'),(1359,1,1,1.00,'2024-08-09','customer','2025-10-31 02:33:09'),(1360,1,4,3.00,'2024-08-09','customer','2025-10-31 02:33:09'),(1361,1,5,1.00,'2024-08-10','customer','2025-10-31 02:33:09'),(1362,1,1,5.00,'2024-08-10','customer','2025-10-31 02:33:09'),(1363,1,3,5.00,'2024-08-10','customer','2025-10-31 02:33:09'),(1364,1,5,4.00,'2024-08-11','customer','2025-10-31 02:33:09'),(1365,1,6,2.00,'2024-08-11','emergency','2025-10-31 02:33:09'),(1366,1,2,2.00,'2024-08-11','customer','2025-10-31 02:33:09'),(1367,1,6,2.00,'2024-08-12','customer','2025-10-31 02:33:09'),(1368,1,6,1.00,'2024-08-13','customer','2025-10-31 02:33:09'),(1369,1,7,1.00,'2024-08-13','customer','2025-10-31 02:33:09'),(1370,1,2,1.00,'2024-08-14','customer','2025-10-31 02:33:09'),(1371,1,3,3.00,'2024-08-14','customer','2025-10-31 02:33:09'),(1372,1,3,4.00,'2024-08-15','customer','2025-10-31 02:33:09'),(1373,1,1,4.00,'2024-08-15','customer','2025-10-31 02:33:09'),(1374,1,5,5.00,'2024-08-15','customer','2025-10-31 02:33:09'),(1375,1,6,1.00,'2024-08-15','emergency','2025-10-31 02:33:09'),(1376,1,1,1.00,'2024-08-16','customer','2025-10-31 02:33:09'),(1377,1,7,4.00,'2024-08-16','customer','2025-10-31 02:33:09'),(1378,1,5,5.00,'2024-08-16','customer','2025-10-31 02:33:09'),(1379,1,6,2.00,'2024-08-16','customer','2025-10-31 02:33:09'),(1380,1,7,4.00,'2024-08-17','customer','2025-10-31 02:33:09'),(1381,1,3,3.00,'2024-08-17','customer','2025-10-31 02:33:09'),(1382,1,5,2.00,'2024-08-17','customer','2025-10-31 02:33:09'),(1383,1,3,3.00,'2024-08-18','customer','2025-10-31 02:33:09'),(1384,1,3,3.00,'2024-08-19','customer','2025-10-31 02:33:09'),(1385,1,2,4.00,'2024-08-19','customer','2025-10-31 02:33:09'),(1386,1,2,1.00,'2024-08-20','customer','2025-10-31 02:33:09'),(1387,1,4,3.00,'2024-08-20','emergency','2025-10-31 02:33:09'),(1388,1,6,6.00,'2024-08-20','customer','2025-10-31 02:33:09'),(1389,1,5,4.00,'2024-08-21','customer','2025-10-31 02:33:09'),(1390,1,1,6.00,'2024-08-21','customer','2025-10-31 02:33:09'),(1391,1,7,4.00,'2024-08-21','customer','2025-10-31 02:33:09'),(1392,1,3,3.00,'2024-08-23','customer','2025-10-31 02:33:09'),(1393,1,5,4.00,'2024-08-23','customer','2025-10-31 02:33:09'),(1394,1,2,2.00,'2024-08-23','customer','2025-10-31 02:33:09'),(1395,1,1,4.00,'2024-08-24','customer','2025-10-31 02:33:09'),(1396,1,3,2.00,'2024-08-25','customer','2025-10-31 02:33:09'),(1397,1,1,4.00,'2024-08-25','customer','2025-10-31 02:33:09'),(1398,1,4,3.00,'2024-08-25','customer','2025-10-31 02:33:09'),(1399,1,3,8.00,'2024-08-26','customer','2025-10-31 02:33:09'),(1400,1,2,2.00,'2024-08-26','customer','2025-10-31 02:33:09'),(1401,1,5,1.00,'2024-08-26','customer','2025-10-31 02:33:09'),(1402,1,1,4.00,'2024-08-26','emergency','2025-10-31 02:33:09'),(1403,1,5,1.00,'2024-08-29','customer','2025-10-31 02:33:09'),(1404,1,1,2.00,'2024-08-29','customer','2025-10-31 02:33:09'),(1405,1,3,5.00,'2024-08-30','customer','2025-10-31 02:33:09'),(1406,1,5,2.00,'2024-08-30','customer','2025-10-31 02:33:09'),(1407,1,4,3.00,'2024-08-31','customer','2025-10-31 02:33:09'),(1408,1,2,2.00,'2024-08-31','customer','2025-10-31 02:33:09'),(1409,1,7,2.00,'2024-08-31','customer','2025-10-31 02:33:09'),(1410,1,3,1.00,'2024-08-31','customer','2025-10-31 02:33:09'),(1411,1,7,3.00,'2024-09-01','customer','2025-10-31 02:33:09'),(1412,1,1,5.00,'2024-09-01','customer','2025-10-31 02:33:09'),(1413,1,6,2.00,'2024-09-01','emergency','2025-10-31 02:33:09'),(1414,1,2,1.00,'2024-09-01','customer','2025-10-31 02:33:09'),(1415,1,6,1.00,'2024-09-02','customer','2025-10-31 02:33:09'),(1416,1,4,1.00,'2024-09-03','customer','2025-10-31 02:33:09'),(1417,1,6,2.00,'2024-09-03','customer','2025-10-31 02:33:09'),(1418,1,2,2.00,'2024-09-03','customer','2025-10-31 02:33:09'),(1419,1,1,3.00,'2024-09-03','customer','2025-10-31 02:33:09'),(1420,1,6,1.00,'2024-09-04','customer','2025-10-31 02:33:09'),(1421,1,2,4.00,'2024-09-04','customer','2025-10-31 02:33:09'),(1422,1,7,2.00,'2024-09-04','customer','2025-10-31 02:33:09'),(1423,1,5,1.00,'2024-09-05','customer','2025-10-31 02:33:09'),(1424,1,7,3.00,'2024-09-05','customer','2025-10-31 02:33:09'),(1425,1,3,1.00,'2024-09-06','customer','2025-10-31 02:33:09'),(1426,1,6,4.00,'2024-09-06','customer','2025-10-31 02:33:09'),(1427,1,4,1.00,'2024-09-06','customer','2025-10-31 02:33:09'),(1428,1,6,1.00,'2024-09-08','customer','2025-10-31 02:33:09'),(1429,1,3,3.00,'2024-09-08','customer','2025-10-31 02:33:09'),(1430,1,2,3.00,'2024-09-09','customer','2025-10-31 02:33:09'),(1431,1,1,2.00,'2024-09-09','customer','2025-10-31 02:33:09'),(1432,1,4,1.00,'2024-09-09','customer','2025-10-31 02:33:09'),(1433,1,3,3.00,'2024-09-09','customer','2025-10-31 02:33:09'),(1434,1,7,2.00,'2024-09-10','customer','2025-10-31 02:33:09'),(1435,1,4,1.00,'2024-09-10','customer','2025-10-31 02:33:09'),(1436,1,5,3.00,'2024-09-10','customer','2025-10-31 02:33:09'),(1437,1,1,2.00,'2024-09-10','customer','2025-10-31 02:33:09'),(1438,1,3,1.00,'2024-09-11','emergency','2025-10-31 02:33:09'),(1439,1,6,3.00,'2024-09-11','customer','2025-10-31 02:33:09'),(1440,1,5,1.00,'2024-09-11','customer','2025-10-31 02:33:09'),(1441,1,7,1.00,'2024-09-12','customer','2025-10-31 02:33:09'),(1442,1,6,2.00,'2024-09-12','customer','2025-10-31 02:33:09'),(1443,1,5,2.00,'2024-09-12','customer','2025-10-31 02:33:09'),(1444,1,4,3.00,'2024-09-12','customer','2025-10-31 02:33:09'),(1445,1,5,5.00,'2024-09-13','customer','2025-10-31 02:33:09'),(1446,1,7,3.00,'2024-09-13','customer','2025-10-31 02:33:09'),(1447,1,2,1.00,'2024-09-15','emergency','2025-10-31 02:33:09'),(1448,1,4,1.00,'2024-09-15','customer','2025-10-31 02:33:09'),(1449,1,7,2.00,'2024-09-15','customer','2025-10-31 02:33:09'),(1450,1,1,2.00,'2024-09-16','customer','2025-10-31 02:33:09'),(1451,1,5,5.00,'2024-09-16','customer','2025-10-31 02:33:09'),(1452,1,7,3.00,'2024-09-16','customer','2025-10-31 02:33:09'),(1453,1,4,2.00,'2024-09-16','customer','2025-10-31 02:33:09'),(1454,1,6,1.00,'2024-09-17','customer','2025-10-31 02:33:09'),(1455,1,7,1.00,'2024-09-17','emergency','2025-10-31 02:33:09'),(1456,1,3,2.00,'2024-09-17','customer','2025-10-31 02:33:09'),(1457,1,6,2.00,'2024-09-18','customer','2025-10-31 02:33:09'),(1458,1,5,2.00,'2024-09-18','customer','2025-10-31 02:33:09'),(1459,1,6,2.00,'2024-09-19','customer','2025-10-31 02:33:09'),(1460,1,1,1.00,'2024-09-19','customer','2025-10-31 02:33:09'),(1461,1,4,1.00,'2024-09-19','emergency','2025-10-31 02:33:09'),(1462,1,1,1.00,'2024-09-20','customer','2025-10-31 02:33:09'),(1463,1,2,1.00,'2024-09-22','customer','2025-10-31 02:33:09'),(1464,1,5,1.00,'2024-09-23','customer','2025-10-31 02:33:09'),(1465,1,6,5.00,'2024-09-23','customer','2025-10-31 02:33:09'),(1466,1,1,1.00,'2024-09-23','emergency','2025-10-31 02:33:09'),(1467,1,4,2.00,'2024-09-24','customer','2025-10-31 02:33:09'),(1468,1,5,4.00,'2024-09-24','customer','2025-10-31 02:33:09'),(1469,1,1,1.00,'2024-09-24','emergency','2025-10-31 02:33:09'),(1470,1,6,1.00,'2024-09-25','customer','2025-10-31 02:33:09'),(1471,1,7,3.00,'2024-09-25','customer','2025-10-31 02:33:09'),(1472,1,1,1.00,'2024-09-25','emergency','2025-10-31 02:33:09'),(1473,1,5,1.00,'2024-09-25','customer','2025-10-31 02:33:09'),(1474,1,5,2.00,'2024-09-26','customer','2025-10-31 02:33:09'),(1475,1,6,1.00,'2024-09-26','customer','2025-10-31 02:33:09'),(1476,1,2,2.00,'2024-09-26','customer','2025-10-31 02:33:09'),(1477,1,2,2.00,'2024-09-27','customer','2025-10-31 02:33:09'),(1478,1,4,1.00,'2024-09-29','customer','2025-10-31 02:33:09'),(1479,1,2,2.00,'2024-09-29','customer','2025-10-31 02:33:09'),(1480,1,5,2.00,'2024-09-29','customer','2025-10-31 02:33:09'),(1481,1,7,2.00,'2024-09-29','customer','2025-10-31 02:33:09'),(1482,1,4,2.00,'2024-09-30','customer','2025-10-31 02:33:09'),(1483,1,5,3.00,'2024-10-01','customer','2025-10-31 02:33:09'),(1484,1,6,2.00,'2024-10-01','customer','2025-10-31 02:33:09'),(1485,1,1,4.00,'2024-10-01','customer','2025-10-31 02:33:09'),(1486,1,7,1.00,'2024-10-02','customer','2025-10-31 02:33:09'),(1487,1,4,2.00,'2024-10-02','customer','2025-10-31 02:33:09'),(1488,1,2,3.00,'2024-10-03','customer','2025-10-31 02:33:09'),(1489,1,1,3.00,'2024-10-03','customer','2025-10-31 02:33:09'),(1490,1,3,3.00,'2024-10-03','customer','2025-10-31 02:33:09'),(1491,1,6,5.00,'2024-10-03','customer','2025-10-31 02:33:09'),(1492,1,7,1.00,'2024-10-04','customer','2025-10-31 02:33:09'),(1493,1,4,3.00,'2024-10-04','customer','2025-10-31 02:33:09'),(1494,1,4,6.00,'2024-10-05','emergency','2025-10-31 02:33:09'),(1495,1,7,1.00,'2024-10-05','customer','2025-10-31 02:33:09'),(1496,1,6,1.00,'2024-10-05','customer','2025-10-31 02:33:09'),(1497,1,6,5.00,'2024-10-06','customer','2025-10-31 02:33:09'),(1498,1,7,4.00,'2024-10-06','emergency','2025-10-31 02:33:09'),(1499,1,4,2.00,'2024-10-07','customer','2025-10-31 02:33:09'),(1500,1,1,1.00,'2024-10-07','customer','2025-10-31 02:33:09'),(1501,1,5,1.00,'2024-10-08','customer','2025-10-31 02:33:09'),(1502,1,4,4.00,'2024-10-08','customer','2025-10-31 02:33:09'),(1503,1,7,1.00,'2024-10-08','customer','2025-10-31 02:33:09'),(1504,1,1,2.00,'2024-10-09','customer','2025-10-31 02:33:09'),(1505,1,5,2.00,'2024-10-10','customer','2025-10-31 02:33:09'),(1506,1,7,2.00,'2024-10-10','customer','2025-10-31 02:33:09'),(1507,1,6,4.00,'2024-10-10','customer','2025-10-31 02:33:09'),(1508,1,4,2.00,'2024-10-10','customer','2025-10-31 02:33:09'),(1509,1,1,2.00,'2024-10-11','customer','2025-10-31 02:33:09'),(1510,1,5,4.00,'2024-10-11','customer','2025-10-31 02:33:09'),(1511,1,7,3.00,'2024-10-11','customer','2025-10-31 02:33:09'),(1512,1,3,5.00,'2024-10-11','emergency','2025-10-31 02:33:09'),(1513,1,5,5.00,'2024-10-12','emergency','2025-10-31 02:33:09'),(1514,1,4,2.00,'2024-10-12','customer','2025-10-31 02:33:09'),(1515,1,6,1.00,'2024-10-12','customer','2025-10-31 02:33:09'),(1516,1,3,1.00,'2024-10-12','emergency','2025-10-31 02:33:09'),(1517,1,1,1.00,'2024-10-13','customer','2025-10-31 02:33:09'),(1518,1,7,2.00,'2024-10-13','customer','2025-10-31 02:33:09'),(1519,1,6,4.00,'2024-10-13','customer','2025-10-31 02:33:09'),(1520,1,5,2.00,'2024-10-13','customer','2025-10-31 02:33:09'),(1521,1,4,2.00,'2024-10-14','customer','2025-10-31 02:33:09'),(1522,1,7,1.00,'2024-10-14','emergency','2025-10-31 02:33:09'),(1523,1,3,2.00,'2024-10-15','customer','2025-10-31 02:33:09'),(1524,1,5,1.00,'2024-10-15','customer','2025-10-31 02:33:09'),(1525,1,2,2.00,'2024-10-15','emergency','2025-10-31 02:33:09'),(1526,1,7,2.00,'2024-10-16','customer','2025-10-31 02:33:09'),(1527,1,1,2.00,'2024-10-16','emergency','2025-10-31 02:33:09'),(1528,1,2,2.00,'2024-10-16','customer','2025-10-31 02:33:09'),(1529,1,2,3.00,'2024-10-17','customer','2025-10-31 02:33:09'),(1530,1,4,6.00,'2024-10-18','customer','2025-10-31 02:33:09'),(1531,1,7,1.00,'2024-10-18','customer','2025-10-31 02:33:09'),(1532,1,3,1.00,'2024-10-18','customer','2025-10-31 02:33:09'),(1533,1,1,2.00,'2024-10-18','customer','2025-10-31 02:33:09'),(1534,1,5,3.00,'2024-10-19','customer','2025-10-31 02:33:09'),(1535,1,6,2.00,'2024-10-20','customer','2025-10-31 02:33:09'),(1536,1,2,1.00,'2024-10-20','customer','2025-10-31 02:33:09'),(1537,1,1,4.00,'2024-10-20','customer','2025-10-31 02:33:09'),(1538,1,3,1.00,'2024-10-21','customer','2025-10-31 02:33:09'),(1539,1,2,3.00,'2024-10-21','customer','2025-10-31 02:33:09'),(1540,1,5,2.00,'2024-10-21','customer','2025-10-31 02:33:09'),(1541,1,4,3.00,'2024-10-21','customer','2025-10-31 02:33:09'),(1542,1,1,2.00,'2024-10-22','customer','2025-10-31 02:33:09'),(1543,1,7,1.00,'2024-10-22','customer','2025-10-31 02:33:09'),(1544,1,5,1.00,'2024-10-22','customer','2025-10-31 02:33:09'),(1545,1,2,4.00,'2024-10-23','customer','2025-10-31 02:33:09'),(1546,1,6,4.00,'2024-10-23','customer','2025-10-31 02:33:09'),(1547,1,7,1.00,'2024-10-23','customer','2025-10-31 02:33:09'),(1548,1,5,1.00,'2024-10-23','customer','2025-10-31 02:33:09'),(1549,1,3,3.00,'2024-10-25','customer','2025-10-31 02:33:09'),(1550,1,2,1.00,'2024-10-26','customer','2025-10-31 02:33:09'),(1551,1,5,1.00,'2024-10-26','customer','2025-10-31 02:33:09'),(1552,1,7,4.00,'2024-10-28','customer','2025-10-31 02:33:09'),(1553,1,3,2.00,'2024-10-29','customer','2025-10-31 02:33:09'),(1554,1,5,1.00,'2024-10-30','customer','2025-10-31 02:33:09'),(1555,1,2,1.00,'2024-10-30','customer','2025-10-31 02:33:09'),(1556,1,7,1.00,'2024-10-30','customer','2025-10-31 02:33:09'),(1557,1,6,4.00,'2024-10-30','customer','2025-10-31 02:33:09'),(1558,1,1,1.00,'2024-11-02','customer','2025-10-31 02:33:09'),(1559,1,3,1.00,'2024-11-02','customer','2025-10-31 02:33:09'),(1560,1,6,2.00,'2024-11-02','customer','2025-10-31 02:33:09'),(1561,1,4,2.00,'2024-11-02','emergency','2025-10-31 02:33:09'),(1562,1,7,4.00,'2024-11-03','emergency','2025-10-31 02:33:09'),(1563,1,3,4.00,'2024-11-03','emergency','2025-10-31 02:33:09'),(1564,1,6,2.00,'2024-11-04','customer','2025-10-31 02:33:09'),(1565,1,7,1.00,'2024-11-04','customer','2025-10-31 02:33:09'),(1566,1,3,3.00,'2024-11-05','customer','2025-10-31 02:33:09'),(1567,1,4,2.00,'2024-11-05','customer','2025-10-31 02:33:09'),(1568,1,2,5.00,'2024-11-07','customer','2025-10-31 02:33:09'),(1569,1,6,2.00,'2024-11-07','customer','2025-10-31 02:33:09'),(1570,1,5,1.00,'2024-11-07','customer','2025-10-31 02:33:09'),(1571,1,4,3.00,'2024-11-07','customer','2025-10-31 02:33:09'),(1572,1,7,4.00,'2024-11-08','customer','2025-10-31 02:33:09'),(1573,1,1,2.00,'2024-11-08','customer','2025-10-31 02:33:09'),(1574,1,3,2.00,'2024-11-09','customer','2025-10-31 02:33:09'),(1575,1,6,1.00,'2024-11-10','customer','2025-10-31 02:33:09'),(1576,1,7,2.00,'2024-11-10','customer','2025-10-31 02:33:09'),(1577,1,4,7.00,'2024-11-10','customer','2025-10-31 02:33:09'),(1578,1,4,1.00,'2024-11-11','emergency','2025-10-31 02:33:09'),(1579,1,1,5.00,'2024-11-11','customer','2025-10-31 02:33:09'),(1580,1,5,1.00,'2024-11-11','customer','2025-10-31 02:33:09'),(1581,1,7,3.00,'2024-11-11','customer','2025-10-31 02:33:09'),(1582,1,7,1.00,'2024-11-13','customer','2025-10-31 02:33:09'),(1583,1,1,3.00,'2024-11-13','customer','2025-10-31 02:33:09'),(1584,1,3,1.00,'2024-11-13','customer','2025-10-31 02:33:09'),(1585,1,5,3.00,'2024-11-13','emergency','2025-10-31 02:33:09'),(1586,1,6,1.00,'2024-11-14','customer','2025-10-31 02:33:09'),(1587,1,2,1.00,'2024-11-14','customer','2025-10-31 02:33:09'),(1588,1,5,1.00,'2024-11-14','customer','2025-10-31 02:33:09'),(1589,1,3,1.00,'2024-11-15','customer','2025-10-31 02:33:09'),(1590,1,5,5.00,'2024-11-15','customer','2025-10-31 02:33:09'),(1591,1,1,1.00,'2024-11-15','customer','2025-10-31 02:33:09'),(1592,1,4,1.00,'2024-11-16','customer','2025-10-31 02:33:09'),(1593,1,6,1.00,'2024-11-16','customer','2025-10-31 02:33:09'),(1594,1,7,6.00,'2024-11-16','customer','2025-10-31 02:33:09'),(1595,1,6,1.00,'2024-11-18','customer','2025-10-31 02:33:09'),(1596,1,1,2.00,'2024-11-18','customer','2025-10-31 02:33:09'),(1597,1,4,3.00,'2024-11-22','customer','2025-10-31 02:33:09'),(1598,1,3,3.00,'2024-11-23','customer','2025-10-31 02:33:09'),(1599,1,1,2.00,'2024-11-24','emergency','2025-10-31 02:33:09'),(1600,1,7,2.00,'2024-11-24','customer','2025-10-31 02:33:09'),(1601,1,6,3.00,'2024-11-25','customer','2025-10-31 02:33:09'),(1602,1,7,1.00,'2024-11-25','customer','2025-10-31 02:33:09'),(1603,1,2,1.00,'2024-11-25','emergency','2025-10-31 02:33:09'),(1604,1,1,3.00,'2024-11-25','customer','2025-10-31 02:33:09'),(1605,1,1,2.00,'2024-11-27','customer','2025-10-31 02:33:09'),(1606,1,3,2.00,'2024-11-27','customer','2025-10-31 02:33:09'),(1607,1,7,2.00,'2024-11-27','customer','2025-10-31 02:33:09'),(1608,1,5,1.00,'2024-11-27','customer','2025-10-31 02:33:09'),(1609,1,2,4.00,'2024-11-28','customer','2025-10-31 02:33:09'),(1610,1,1,4.00,'2024-11-28','customer','2025-10-31 02:33:09'),(1611,1,5,2.00,'2024-11-29','customer','2025-10-31 02:33:09'),(1612,1,1,1.00,'2024-11-29','customer','2025-10-31 02:33:09'),(1613,1,7,2.00,'2024-11-29','emergency','2025-10-31 02:33:09'),(1614,1,2,3.00,'2024-11-29','customer','2025-10-31 02:33:09'),(1615,1,4,1.00,'2024-11-30','customer','2025-10-31 02:33:09'),(1616,1,3,1.00,'2024-12-01','customer','2025-10-31 02:33:09'),(1617,1,1,1.00,'2024-12-01','customer','2025-10-31 02:33:09'),(1618,1,4,1.00,'2024-12-02','customer','2025-10-31 02:33:09'),(1619,1,1,2.00,'2024-12-02','customer','2025-10-31 02:33:09'),(1620,1,5,2.00,'2024-12-02','customer','2025-10-31 02:33:09'),(1621,1,1,1.00,'2024-12-03','customer','2025-10-31 02:33:09'),(1622,1,6,3.00,'2024-12-03','customer','2025-10-31 02:33:09'),(1623,1,5,1.00,'2024-12-05','customer','2025-10-31 02:33:09'),(1624,1,3,1.00,'2024-12-05','emergency','2025-10-31 02:33:09'),(1625,1,6,4.00,'2024-12-05','emergency','2025-10-31 02:33:09'),(1626,1,2,3.00,'2024-12-06','customer','2025-10-31 02:33:09'),(1627,1,2,4.00,'2024-12-07','customer','2025-10-31 02:33:09'),(1628,1,2,3.00,'2024-12-08','emergency','2025-10-31 02:33:09'),(1629,1,3,2.00,'2024-12-09','emergency','2025-10-31 02:33:09'),(1630,1,3,5.00,'2024-12-10','customer','2025-10-31 02:33:09'),(1631,1,1,2.00,'2024-12-10','customer','2025-10-31 02:33:09'),(1632,1,5,1.00,'2024-12-10','customer','2025-10-31 02:33:09'),(1633,1,7,2.00,'2024-12-11','customer','2025-10-31 02:33:09'),(1634,1,5,2.00,'2024-12-11','customer','2025-10-31 02:33:09'),(1635,1,4,2.00,'2024-12-11','customer','2025-10-31 02:33:09'),(1636,1,5,1.00,'2024-12-12','customer','2025-10-31 02:33:09'),(1637,1,5,3.00,'2024-12-13','customer','2025-10-31 02:33:09'),(1638,1,7,4.00,'2024-12-13','customer','2025-10-31 02:33:09'),(1639,1,2,3.00,'2024-12-15','customer','2025-10-31 02:33:09'),(1640,1,4,5.00,'2024-12-16','customer','2025-10-31 02:33:09'),(1641,1,5,2.00,'2024-12-17','customer','2025-10-31 02:33:09'),(1642,1,2,1.00,'2024-12-17','customer','2025-10-31 02:33:09'),(1643,1,1,4.00,'2024-12-18','customer','2025-10-31 02:33:09'),(1644,1,3,2.00,'2024-12-18','customer','2025-10-31 02:33:09'),(1645,1,5,1.00,'2024-12-18','customer','2025-10-31 02:33:09'),(1646,1,4,3.00,'2024-12-18','customer','2025-10-31 02:33:09'),(1647,1,5,1.00,'2024-12-19','customer','2025-10-31 02:33:09'),(1648,1,2,3.00,'2024-12-19','customer','2025-10-31 02:33:09'),(1649,1,7,1.00,'2024-12-20','customer','2025-10-31 02:33:09'),(1650,1,6,1.00,'2024-12-20','customer','2025-10-31 02:33:09'),(1651,1,5,3.00,'2024-12-21','emergency','2025-10-31 02:33:09'),(1652,1,3,3.00,'2024-12-21','customer','2025-10-31 02:33:09'),(1653,1,4,3.00,'2024-12-22','customer','2025-10-31 02:33:09'),(1654,1,5,2.00,'2024-12-22','customer','2025-10-31 02:33:09'),(1655,1,6,3.00,'2024-12-22','customer','2025-10-31 02:33:09'),(1656,1,5,6.00,'2024-12-23','customer','2025-10-31 02:33:09'),(1657,1,3,5.00,'2024-12-23','customer','2025-10-31 02:33:09'),(1658,1,1,2.00,'2024-12-23','customer','2025-10-31 02:33:09'),(1659,1,2,1.00,'2024-12-23','customer','2025-10-31 02:33:09'),(1660,1,4,2.00,'2024-12-24','customer','2025-10-31 02:33:09'),(1661,1,2,2.00,'2024-12-24','customer','2025-10-31 02:33:09'),(1662,1,1,1.00,'2024-12-24','customer','2025-10-31 02:33:09'),(1663,1,7,3.00,'2024-12-24','customer','2025-10-31 02:33:09'),(1664,1,4,1.00,'2024-12-25','customer','2025-10-31 02:33:09'),(1665,1,5,2.00,'2024-12-25','customer','2025-10-31 02:33:09'),(1666,1,5,3.00,'2024-12-27','customer','2025-10-31 02:33:09'),(1667,1,3,3.00,'2024-12-27','customer','2025-10-31 02:33:09'),(1668,1,4,3.00,'2024-12-27','customer','2025-10-31 02:33:09'),(1669,1,1,2.00,'2024-12-28','customer','2025-10-31 02:33:09'),(1670,1,7,1.00,'2024-12-30','customer','2025-10-31 02:33:09'),(1671,1,4,3.00,'2024-12-30','customer','2025-10-31 02:33:09'),(1672,1,6,2.00,'2024-12-30','customer','2025-10-31 02:33:09'),(1673,1,1,2.00,'2024-12-31','customer','2025-10-31 02:33:09'),(1674,1,6,2.00,'2025-01-01','customer','2025-10-31 02:33:09'),(1675,1,4,1.00,'2025-01-01','customer','2025-10-31 02:33:09'),(1676,1,3,1.00,'2025-01-01','customer','2025-10-31 02:33:09'),(1677,1,5,4.00,'2025-01-01','customer','2025-10-31 02:33:09'),(1678,1,3,1.00,'2025-01-02','customer','2025-10-31 02:33:09'),(1679,1,5,2.00,'2025-01-02','customer','2025-10-31 02:33:09'),(1680,1,1,2.00,'2025-01-02','customer','2025-10-31 02:33:09'),(1681,1,2,1.00,'2025-01-03','emergency','2025-10-31 02:33:09'),(1682,1,7,1.00,'2025-01-03','customer','2025-10-31 02:33:09'),(1683,1,5,1.00,'2025-01-03','customer','2025-10-31 02:33:09'),(1684,1,4,1.00,'2025-01-03','customer','2025-10-31 02:33:09'),(1685,1,5,4.00,'2025-01-04','customer','2025-10-31 02:33:09'),(1686,1,3,1.00,'2025-01-04','emergency','2025-10-31 02:33:09'),(1687,1,1,1.00,'2025-01-04','customer','2025-10-31 02:33:09'),(1688,1,7,1.00,'2025-01-04','customer','2025-10-31 02:33:09'),(1689,1,4,2.00,'2025-01-05','emergency','2025-10-31 02:33:09'),(1690,1,1,2.00,'2025-01-05','customer','2025-10-31 02:33:09'),(1691,1,2,2.00,'2025-01-05','customer','2025-10-31 02:33:09'),(1692,1,6,3.00,'2025-01-05','customer','2025-10-31 02:33:09'),(1693,1,2,3.00,'2025-01-07','customer','2025-10-31 02:33:09'),(1694,1,3,1.00,'2025-01-07','customer','2025-10-31 02:33:09'),(1695,1,4,1.00,'2025-01-08','customer','2025-10-31 02:33:09'),(1696,1,1,1.00,'2025-01-08','customer','2025-10-31 02:33:09'),(1697,1,5,5.00,'2025-01-08','customer','2025-10-31 02:33:09'),(1698,1,7,4.00,'2025-01-10','customer','2025-10-31 02:33:09'),(1699,1,7,2.00,'2025-01-11','customer','2025-10-31 02:33:09'),(1700,1,1,3.00,'2025-01-11','customer','2025-10-31 02:33:09'),(1701,1,2,1.00,'2025-01-11','customer','2025-10-31 02:33:09'),(1702,1,5,2.00,'2025-01-13','customer','2025-10-31 02:33:09'),(1703,1,7,3.00,'2025-01-13','customer','2025-10-31 02:33:09'),(1704,1,3,3.00,'2025-01-14','customer','2025-10-31 02:33:09'),(1705,1,2,1.00,'2025-01-14','customer','2025-10-31 02:33:09'),(1706,1,4,4.00,'2025-01-14','customer','2025-10-31 02:33:09'),(1707,1,6,3.00,'2025-01-14','emergency','2025-10-31 02:33:09'),(1708,1,6,2.00,'2025-01-15','customer','2025-10-31 02:33:09'),(1709,1,3,3.00,'2025-01-15','customer','2025-10-31 02:33:09'),(1710,1,4,1.00,'2025-01-15','customer','2025-10-31 02:33:09'),(1711,1,7,1.00,'2025-01-15','customer','2025-10-31 02:33:09'),(1712,1,2,3.00,'2025-01-16','customer','2025-10-31 02:33:09'),(1713,1,5,4.00,'2025-01-17','customer','2025-10-31 02:33:09'),(1714,1,7,1.00,'2025-01-18','customer','2025-10-31 02:33:09'),(1715,1,3,5.00,'2025-01-18','customer','2025-10-31 02:33:09'),(1716,1,1,4.00,'2025-01-19','customer','2025-10-31 02:33:09'),(1717,1,3,3.00,'2025-01-19','customer','2025-10-31 02:33:09'),(1718,1,7,1.00,'2025-01-19','customer','2025-10-31 02:33:09'),(1719,1,2,1.00,'2025-01-19','customer','2025-10-31 02:33:09'),(1720,1,1,3.00,'2025-01-20','customer','2025-10-31 02:33:09'),(1721,1,6,5.00,'2025-01-20','emergency','2025-10-31 02:33:09'),(1722,1,5,2.00,'2025-01-20','customer','2025-10-31 02:33:09'),(1723,1,1,2.00,'2025-01-21','customer','2025-10-31 02:33:09'),(1724,1,3,3.00,'2025-01-21','customer','2025-10-31 02:33:09'),(1725,1,1,3.00,'2025-01-22','customer','2025-10-31 02:33:09'),(1726,1,5,3.00,'2025-01-22','customer','2025-10-31 02:33:09'),(1727,1,3,1.00,'2025-01-22','customer','2025-10-31 02:33:09'),(1728,1,4,1.00,'2025-01-22','customer','2025-10-31 02:33:09'),(1729,1,7,2.00,'2025-01-23','customer','2025-10-31 02:33:09'),(1730,1,4,1.00,'2025-01-24','customer','2025-10-31 02:33:09'),(1731,1,5,1.00,'2025-01-24','emergency','2025-10-31 02:33:09'),(1732,1,4,1.00,'2025-01-25','customer','2025-10-31 02:33:09'),(1733,1,3,1.00,'2025-01-25','customer','2025-10-31 02:33:09'),(1734,1,6,6.00,'2025-01-27','customer','2025-10-31 02:33:09'),(1735,1,5,1.00,'2025-01-27','customer','2025-10-31 02:33:09'),(1736,1,5,1.00,'2025-01-28','customer','2025-10-31 02:33:09'),(1737,1,4,2.00,'2025-01-28','customer','2025-10-31 02:33:09'),(1738,1,1,2.00,'2025-01-28','customer','2025-10-31 02:33:09'),(1739,1,6,2.00,'2025-01-28','customer','2025-10-31 02:33:09'),(1740,1,5,2.00,'2025-01-29','customer','2025-10-31 02:33:09'),(1741,1,3,3.00,'2025-01-29','customer','2025-10-31 02:33:09'),(1742,1,2,2.00,'2025-01-29','customer','2025-10-31 02:33:09'),(1743,1,1,2.00,'2025-01-29','emergency','2025-10-31 02:33:09'),(1744,1,1,1.00,'2025-02-01','customer','2025-10-31 02:33:09'),(1745,1,4,3.00,'2025-02-01','customer','2025-10-31 02:33:09'),(1746,1,1,1.00,'2025-02-02','customer','2025-10-31 02:33:09'),(1747,1,7,1.00,'2025-02-03','customer','2025-10-31 02:33:09'),(1748,1,2,2.00,'2025-02-03','customer','2025-10-31 02:33:09'),(1749,1,3,1.00,'2025-02-04','customer','2025-10-31 02:33:09'),(1750,1,2,3.00,'2025-02-05','customer','2025-10-31 02:33:09'),(1751,1,3,1.00,'2025-02-06','customer','2025-10-31 02:33:09'),(1752,1,4,1.00,'2025-02-07','customer','2025-10-31 02:33:09'),(1753,1,4,5.00,'2025-02-08','customer','2025-10-31 02:33:09'),(1754,1,7,1.00,'2025-02-09','customer','2025-10-31 02:33:09'),(1755,1,4,3.00,'2025-02-09','emergency','2025-10-31 02:33:09'),(1756,1,3,1.00,'2025-02-09','emergency','2025-10-31 02:33:09'),(1757,1,7,2.00,'2025-02-10','emergency','2025-10-31 02:33:09'),(1758,1,5,1.00,'2025-02-10','emergency','2025-10-31 02:33:09'),(1759,1,6,1.00,'2025-02-11','customer','2025-10-31 02:33:09'),(1760,1,7,5.00,'2025-02-12','customer','2025-10-31 02:33:09'),(1761,1,6,3.00,'2025-02-12','customer','2025-10-31 02:33:09'),(1762,1,4,1.00,'2025-02-12','customer','2025-10-31 02:33:09'),(1763,1,3,1.00,'2025-02-14','customer','2025-10-31 02:33:09'),(1764,1,2,2.00,'2025-02-16','customer','2025-10-31 02:33:09'),(1765,1,3,3.00,'2025-02-16','customer','2025-10-31 02:33:09'),(1766,1,7,4.00,'2025-02-16','customer','2025-10-31 02:33:09'),(1767,1,4,2.00,'2025-02-17','customer','2025-10-31 02:33:09'),(1768,1,3,1.00,'2025-02-17','emergency','2025-10-31 02:33:09'),(1769,1,4,2.00,'2025-02-18','emergency','2025-10-31 02:33:09'),(1770,1,1,1.00,'2025-02-18','customer','2025-10-31 02:33:09'),(1771,1,6,2.00,'2025-02-18','customer','2025-10-31 02:33:09'),(1772,1,3,2.00,'2025-02-18','customer','2025-10-31 02:33:09'),(1773,1,2,1.00,'2025-02-19','customer','2025-10-31 02:33:09'),(1774,1,1,1.00,'2025-02-20','customer','2025-10-31 02:33:09'),(1775,1,5,1.00,'2025-02-20','customer','2025-10-31 02:33:09'),(1776,1,4,1.00,'2025-02-21','customer','2025-10-31 02:33:09'),(1777,1,4,4.00,'2025-02-22','customer','2025-10-31 02:33:09'),(1778,1,5,5.00,'2025-02-22','emergency','2025-10-31 02:33:09'),(1779,1,2,1.00,'2025-02-22','customer','2025-10-31 02:33:09'),(1780,1,1,3.00,'2025-02-22','customer','2025-10-31 02:33:09'),(1781,1,5,2.00,'2025-02-23','customer','2025-10-31 02:33:09'),(1782,1,2,1.00,'2025-02-23','customer','2025-10-31 02:33:09'),(1783,1,3,2.00,'2025-02-23','customer','2025-10-31 02:33:09'),(1784,1,4,3.00,'2025-02-24','customer','2025-10-31 02:33:09'),(1785,1,1,3.00,'2025-02-24','customer','2025-10-31 02:33:09'),(1786,1,5,1.00,'2025-02-24','customer','2025-10-31 02:33:09'),(1787,1,7,1.00,'2025-02-24','customer','2025-10-31 02:33:09'),(1788,1,5,1.00,'2025-02-25','customer','2025-10-31 02:33:09'),(1789,1,7,1.00,'2025-02-25','customer','2025-10-31 02:33:09'),(1790,1,1,1.00,'2025-02-25','customer','2025-10-31 02:33:09'),(1791,1,1,2.00,'2025-02-27','customer','2025-10-31 02:33:09'),(1792,1,5,3.00,'2025-02-27','customer','2025-10-31 02:33:09'),(1793,1,3,3.00,'2025-02-27','customer','2025-10-31 02:33:09'),(1794,1,4,3.00,'2025-02-27','customer','2025-10-31 02:33:09'),(1795,1,6,1.00,'2025-02-28','customer','2025-10-31 02:33:09'),(1796,1,4,3.00,'2025-02-28','customer','2025-10-31 02:33:09'),(1797,1,4,4.00,'2025-03-01','customer','2025-10-31 02:33:09'),(1798,1,5,1.00,'2025-03-01','customer','2025-10-31 02:33:09'),(1799,1,1,1.00,'2025-03-01','customer','2025-10-31 02:33:09'),(1800,1,5,2.00,'2025-03-02','customer','2025-10-31 02:33:09'),(1801,1,6,1.00,'2025-03-02','customer','2025-10-31 02:33:09'),(1802,1,7,1.00,'2025-03-02','customer','2025-10-31 02:33:09'),(1803,1,7,3.00,'2025-03-03','customer','2025-10-31 02:33:09'),(1804,1,6,1.00,'2025-03-04','customer','2025-10-31 02:33:09'),(1805,1,3,6.00,'2025-03-04','customer','2025-10-31 02:33:09'),(1806,1,4,5.00,'2025-03-04','customer','2025-10-31 02:33:09'),(1807,1,7,1.00,'2025-03-04','emergency','2025-10-31 02:33:09'),(1808,1,2,2.00,'2025-03-06','emergency','2025-10-31 02:33:09'),(1809,1,7,2.00,'2025-03-06','customer','2025-10-31 02:33:09'),(1810,1,1,1.00,'2025-03-06','customer','2025-10-31 02:33:09'),(1811,1,3,1.00,'2025-03-07','customer','2025-10-31 02:33:09'),(1812,1,4,7.00,'2025-03-07','customer','2025-10-31 02:33:09'),(1813,1,5,1.00,'2025-03-07','customer','2025-10-31 02:33:09'),(1814,1,7,6.00,'2025-03-07','customer','2025-10-31 02:33:09'),(1815,1,1,3.00,'2025-03-08','customer','2025-10-31 02:33:09'),(1816,1,2,6.00,'2025-03-08','customer','2025-10-31 02:33:09'),(1817,1,6,3.00,'2025-03-08','customer','2025-10-31 02:33:09'),(1818,1,6,2.00,'2025-03-10','customer','2025-10-31 02:33:09'),(1819,1,7,3.00,'2025-03-10','customer','2025-10-31 02:33:09'),(1820,1,3,4.00,'2025-03-10','customer','2025-10-31 02:33:09'),(1821,1,4,1.00,'2025-03-10','customer','2025-10-31 02:33:09'),(1822,1,1,4.00,'2025-03-11','customer','2025-10-31 02:33:09'),(1823,1,6,2.00,'2025-03-12','customer','2025-10-31 02:33:09'),(1824,1,5,7.00,'2025-03-12','emergency','2025-10-31 02:33:09'),(1825,1,3,2.00,'2025-03-12','customer','2025-10-31 02:33:09'),(1826,1,6,1.00,'2025-03-13','customer','2025-10-31 02:33:09'),(1827,1,1,4.00,'2025-03-13','customer','2025-10-31 02:33:09'),(1828,1,3,4.00,'2025-03-13','emergency','2025-10-31 02:33:09'),(1829,1,7,5.00,'2025-03-13','customer','2025-10-31 02:33:09'),(1830,1,7,6.00,'2025-03-14','customer','2025-10-31 02:33:09'),(1831,1,5,2.00,'2025-03-14','customer','2025-10-31 02:33:09'),(1832,1,1,3.00,'2025-03-14','customer','2025-10-31 02:33:09'),(1833,1,3,2.00,'2025-03-15','customer','2025-10-31 02:33:09'),(1834,1,6,3.00,'2025-03-17','customer','2025-10-31 02:33:09'),(1835,1,2,1.00,'2025-03-17','customer','2025-10-31 02:33:09'),(1836,1,3,3.00,'2025-03-19','customer','2025-10-31 02:33:09'),(1837,1,7,2.00,'2025-03-19','customer','2025-10-31 02:33:09'),(1838,1,2,5.00,'2025-03-19','customer','2025-10-31 02:33:09'),(1839,1,6,2.00,'2025-03-19','customer','2025-10-31 02:33:09'),(1840,1,1,9.00,'2025-03-20','customer','2025-10-31 02:33:09'),(1841,1,3,4.00,'2025-03-20','customer','2025-10-31 02:33:09'),(1842,1,6,2.00,'2025-03-20','customer','2025-10-31 02:33:09'),(1843,1,7,3.00,'2025-03-20','customer','2025-10-31 02:33:09'),(1844,1,3,5.00,'2025-03-21','customer','2025-10-31 02:33:09'),(1845,1,2,4.00,'2025-03-21','customer','2025-10-31 02:33:09'),(1846,1,4,1.00,'2025-03-21','customer','2025-10-31 02:33:09'),(1847,1,6,1.00,'2025-03-22','customer','2025-10-31 02:33:09'),(1848,1,1,2.00,'2025-03-23','customer','2025-10-31 02:33:09'),(1849,1,6,1.00,'2025-03-23','customer','2025-10-31 02:33:09'),(1850,1,5,2.00,'2025-03-23','customer','2025-10-31 02:33:09'),(1851,1,2,6.00,'2025-03-24','customer','2025-10-31 02:33:09'),(1852,1,6,1.00,'2025-03-24','customer','2025-10-31 02:33:09'),(1853,1,7,3.00,'2025-03-24','customer','2025-10-31 02:33:09'),(1854,1,5,2.00,'2025-03-25','customer','2025-10-31 02:33:09'),(1855,1,4,1.00,'2025-03-25','customer','2025-10-31 02:33:09'),(1856,1,7,5.00,'2025-03-25','customer','2025-10-31 02:33:09'),(1857,1,2,3.00,'2025-03-26','customer','2025-10-31 02:33:09'),(1858,1,7,1.00,'2025-03-26','customer','2025-10-31 02:33:09'),(1859,1,2,2.00,'2025-03-27','customer','2025-10-31 02:33:09'),(1860,1,3,6.00,'2025-03-28','customer','2025-10-31 02:33:09'),(1861,1,2,3.00,'2025-03-28','customer','2025-10-31 02:33:09'),(1862,1,7,4.00,'2025-03-29','customer','2025-10-31 02:33:09'),(1863,1,5,1.00,'2025-03-30','customer','2025-10-31 02:33:09'),(1864,1,2,3.00,'2025-03-30','customer','2025-10-31 02:33:09'),(1865,1,4,5.00,'2025-03-30','customer','2025-10-31 02:33:09'),(1866,1,5,3.00,'2025-04-01','customer','2025-10-31 02:33:09'),(1867,1,5,4.00,'2025-04-02','customer','2025-10-31 02:33:09'),(1868,1,2,3.00,'2025-04-02','customer','2025-10-31 02:33:09'),(1869,1,7,5.00,'2025-04-02','customer','2025-10-31 02:33:09'),(1870,1,3,7.00,'2025-04-02','customer','2025-10-31 02:33:09'),(1871,1,1,3.00,'2025-04-03','customer','2025-10-31 02:33:09'),(1872,1,5,2.00,'2025-04-03','customer','2025-10-31 02:33:09'),(1873,1,6,4.00,'2025-04-03','emergency','2025-10-31 02:33:09'),(1874,1,4,2.00,'2025-04-03','customer','2025-10-31 02:33:09'),(1875,1,2,3.00,'2025-04-04','emergency','2025-10-31 02:33:09'),(1876,1,5,3.00,'2025-04-05','customer','2025-10-31 02:33:09'),(1877,1,7,4.00,'2025-04-05','customer','2025-10-31 02:33:09'),(1878,1,5,1.00,'2025-04-06','customer','2025-10-31 02:33:09'),(1879,1,6,4.00,'2025-04-06','customer','2025-10-31 02:33:09'),(1880,1,1,3.00,'2025-04-06','customer','2025-10-31 02:33:09'),(1881,1,4,4.00,'2025-04-07','customer','2025-10-31 02:33:09'),(1882,1,7,1.00,'2025-04-07','customer','2025-10-31 02:33:09'),(1883,1,5,2.00,'2025-04-07','customer','2025-10-31 02:33:09'),(1884,1,1,3.00,'2025-04-07','customer','2025-10-31 02:33:09'),(1885,1,1,6.00,'2025-04-09','emergency','2025-10-31 02:33:09'),(1886,1,2,3.00,'2025-04-09','customer','2025-10-31 02:33:09'),(1887,1,3,8.00,'2025-04-10','customer','2025-10-31 02:33:09'),(1888,1,3,2.00,'2025-04-12','customer','2025-10-31 02:33:09'),(1889,1,6,8.00,'2025-04-12','customer','2025-10-31 02:33:09'),(1890,1,3,3.00,'2025-04-13','customer','2025-10-31 02:33:09'),(1891,1,5,3.00,'2025-04-13','emergency','2025-10-31 02:33:09'),(1892,1,6,5.00,'2025-04-14','customer','2025-10-31 02:33:09'),(1893,1,7,4.00,'2025-04-14','customer','2025-10-31 02:33:09'),(1894,1,3,3.00,'2025-04-15','customer','2025-10-31 02:33:09'),(1895,1,6,4.00,'2025-04-16','customer','2025-10-31 02:33:09'),(1896,1,3,1.00,'2025-04-16','customer','2025-10-31 02:33:09'),(1897,1,1,4.00,'2025-04-17','customer','2025-10-31 02:33:09'),(1898,1,6,1.00,'2025-04-17','customer','2025-10-31 02:33:09'),(1899,1,5,3.00,'2025-04-17','emergency','2025-10-31 02:33:09'),(1900,1,4,4.00,'2025-04-17','emergency','2025-10-31 02:33:09'),(1901,1,3,4.00,'2025-04-18','customer','2025-10-31 02:33:09'),(1902,1,1,5.00,'2025-04-18','customer','2025-10-31 02:33:09'),(1903,1,5,5.00,'2025-04-19','customer','2025-10-31 02:33:09'),(1904,1,3,3.00,'2025-04-19','customer','2025-10-31 02:33:09'),(1905,1,2,4.00,'2025-04-19','emergency','2025-10-31 02:33:09'),(1906,1,1,2.00,'2025-04-20','customer','2025-10-31 02:33:09'),(1907,1,2,6.00,'2025-04-20','customer','2025-10-31 02:33:09'),(1908,1,6,5.00,'2025-04-22','customer','2025-10-31 02:33:09'),(1909,1,5,1.00,'2025-04-22','emergency','2025-10-31 02:33:09'),(1910,1,3,7.00,'2025-04-22','customer','2025-10-31 02:33:09'),(1911,1,2,1.00,'2025-04-22','customer','2025-10-31 02:33:09'),(1912,1,1,5.00,'2025-04-24','customer','2025-10-31 02:33:09'),(1913,1,2,4.00,'2025-04-24','emergency','2025-10-31 02:33:09'),(1914,1,3,2.00,'2025-04-24','customer','2025-10-31 02:33:09'),(1915,1,7,2.00,'2025-04-24','emergency','2025-10-31 02:33:09'),(1916,1,2,1.00,'2025-04-25','customer','2025-10-31 02:33:09'),(1917,1,6,4.00,'2025-04-25','customer','2025-10-31 02:33:09'),(1918,1,5,2.00,'2025-04-25','customer','2025-10-31 02:33:09'),(1919,1,1,1.00,'2025-04-25','customer','2025-10-31 02:33:09'),(1920,1,7,2.00,'2025-04-27','customer','2025-10-31 02:33:09'),(1921,1,7,6.00,'2025-04-28','customer','2025-10-31 02:33:09'),(1922,1,7,1.00,'2025-04-30','customer','2025-10-31 02:33:09'),(1923,1,3,5.00,'2025-04-30','customer','2025-10-31 02:33:09'),(1924,1,6,2.00,'2025-04-30','customer','2025-10-31 02:33:09'),(1925,1,6,1.00,'2025-05-02','customer','2025-10-31 02:33:09'),(1926,1,5,2.00,'2025-05-02','customer','2025-10-31 02:33:09'),(1927,1,2,4.00,'2025-05-02','customer','2025-10-31 02:33:09'),(1928,1,3,3.00,'2025-05-03','customer','2025-10-31 02:33:09'),(1929,1,4,10.00,'2025-05-03','customer','2025-10-31 02:33:09'),(1930,1,7,2.00,'2025-05-03','customer','2025-10-31 02:33:09'),(1931,1,1,7.00,'2025-05-04','customer','2025-10-31 02:33:09'),(1932,1,3,3.00,'2025-05-04','customer','2025-10-31 02:33:09'),(1933,1,4,2.00,'2025-05-05','customer','2025-10-31 02:33:09'),(1934,1,5,3.00,'2025-05-05','customer','2025-10-31 02:33:09'),(1935,1,5,5.00,'2025-05-06','customer','2025-10-31 02:33:09'),(1936,1,2,2.00,'2025-05-07','customer','2025-10-31 02:33:09'),(1937,1,6,1.00,'2025-05-07','emergency','2025-10-31 02:33:09'),(1938,1,3,1.00,'2025-05-07','customer','2025-10-31 02:33:09'),(1939,1,5,4.00,'2025-05-07','customer','2025-10-31 02:33:09'),(1940,1,3,11.00,'2025-05-09','customer','2025-10-31 02:33:09'),(1941,1,5,1.00,'2025-05-09','emergency','2025-10-31 02:33:09'),(1942,1,6,7.00,'2025-05-10','customer','2025-10-31 02:33:09'),(1943,1,2,6.00,'2025-05-10','customer','2025-10-31 02:33:09'),(1944,1,4,3.00,'2025-05-10','customer','2025-10-31 02:33:09'),(1945,1,3,2.00,'2025-05-10','customer','2025-10-31 02:33:09'),(1946,1,1,4.00,'2025-05-11','customer','2025-10-31 02:33:09'),(1947,1,2,4.00,'2025-05-11','customer','2025-10-31 02:33:09'),(1948,1,7,2.00,'2025-05-12','customer','2025-10-31 02:33:09'),(1949,1,3,2.00,'2025-05-12','customer','2025-10-31 02:33:09'),(1950,1,6,5.00,'2025-05-12','customer','2025-10-31 02:33:09'),(1951,1,5,2.00,'2025-05-12','customer','2025-10-31 02:33:09'),(1952,1,5,6.00,'2025-05-13','emergency','2025-10-31 02:33:09'),(1953,1,6,4.00,'2025-05-13','emergency','2025-10-31 02:33:09'),(1954,1,7,1.00,'2025-05-13','customer','2025-10-31 02:33:09'),(1955,1,7,4.00,'2025-05-14','customer','2025-10-31 02:33:09'),(1956,1,5,3.00,'2025-05-14','emergency','2025-10-31 02:33:09'),(1957,1,3,3.00,'2025-05-14','customer','2025-10-31 02:33:09'),(1958,1,4,4.00,'2025-05-14','customer','2025-10-31 02:33:09'),(1959,1,3,3.00,'2025-05-16','customer','2025-10-31 02:33:09'),(1960,1,4,2.00,'2025-05-17','customer','2025-10-31 02:33:09'),(1961,1,5,3.00,'2025-05-17','customer','2025-10-31 02:33:09'),(1962,1,3,3.00,'2025-05-18','customer','2025-10-31 02:33:09'),(1963,1,4,5.00,'2025-05-18','customer','2025-10-31 02:33:09'),(1964,1,5,7.00,'2025-05-19','customer','2025-10-31 02:33:09'),(1965,1,3,1.00,'2025-05-21','customer','2025-10-31 02:33:09'),(1966,1,5,3.00,'2025-05-21','customer','2025-10-31 02:33:09'),(1967,1,1,1.00,'2025-05-21','customer','2025-10-31 02:33:09'),(1968,1,6,5.00,'2025-05-22','customer','2025-10-31 02:33:09'),(1969,1,4,5.00,'2025-05-22','customer','2025-10-31 02:33:09'),(1970,1,2,2.00,'2025-05-22','customer','2025-10-31 02:33:09'),(1971,1,5,6.00,'2025-05-22','emergency','2025-10-31 02:33:09'),(1972,1,7,3.00,'2025-05-25','customer','2025-10-31 02:33:09'),(1973,1,2,6.00,'2025-05-25','customer','2025-10-31 02:33:09'),(1974,1,2,2.00,'2025-05-26','customer','2025-10-31 02:33:09'),(1975,1,3,3.00,'2025-05-26','emergency','2025-10-31 02:33:09'),(1976,1,4,9.00,'2025-05-26','customer','2025-10-31 02:33:09'),(1977,1,5,3.00,'2025-05-28','customer','2025-10-31 02:33:09'),(1978,1,7,6.00,'2025-05-28','customer','2025-10-31 02:33:09'),(1979,1,2,2.00,'2025-05-29','emergency','2025-10-31 02:33:09'),(1980,1,1,5.00,'2025-05-29','emergency','2025-10-31 02:33:09'),(1981,1,5,4.00,'2025-05-30','customer','2025-10-31 02:33:09'),(1982,1,4,3.00,'2025-05-31','customer','2025-10-31 02:33:09'),(1983,1,5,3.00,'2025-05-31','customer','2025-10-31 02:33:09'),(1984,1,7,7.00,'2025-05-31','customer','2025-10-31 02:33:09'),(1985,1,3,1.00,'2025-05-31','customer','2025-10-31 02:33:09'),(1986,1,5,7.00,'2025-06-01','customer','2025-10-31 02:33:09'),(1987,1,3,6.00,'2025-06-02','customer','2025-10-31 02:33:09'),(1988,1,7,3.00,'2025-06-03','customer','2025-10-31 02:33:09'),(1989,1,7,6.00,'2025-06-04','emergency','2025-10-31 02:33:09'),(1990,1,1,6.00,'2025-06-04','customer','2025-10-31 02:33:09'),(1991,1,3,3.00,'2025-06-05','customer','2025-10-31 02:33:09'),(1992,1,5,4.00,'2025-06-05','customer','2025-10-31 02:33:09'),(1993,1,6,7.00,'2025-06-05','customer','2025-10-31 02:33:09'),(1994,1,7,5.00,'2025-06-05','emergency','2025-10-31 02:33:09'),(1995,1,2,4.00,'2025-06-06','customer','2025-10-31 02:33:09'),(1996,1,1,2.00,'2025-06-06','customer','2025-10-31 02:33:09'),(1997,1,4,4.00,'2025-06-08','customer','2025-10-31 02:33:09'),(1998,1,3,3.00,'2025-06-08','customer','2025-10-31 02:33:09'),(1999,1,7,4.00,'2025-06-08','customer','2025-10-31 02:33:09'),(2000,1,5,4.00,'2025-06-08','customer','2025-10-31 02:33:09'),(2001,1,3,3.00,'2025-06-09','customer','2025-10-31 02:33:09'),(2002,1,6,5.00,'2025-06-09','emergency','2025-10-31 02:33:09'),(2003,1,7,7.00,'2025-06-09','customer','2025-10-31 02:33:09'),(2004,1,2,7.00,'2025-06-09','customer','2025-10-31 02:33:09'),(2005,1,6,8.00,'2025-06-10','customer','2025-10-31 02:33:09'),(2006,1,2,4.00,'2025-06-11','customer','2025-10-31 02:33:09'),(2007,1,4,4.00,'2025-06-11','emergency','2025-10-31 02:33:09'),(2008,1,7,4.00,'2025-06-11','customer','2025-10-31 02:33:09'),(2009,1,1,3.00,'2025-06-12','customer','2025-10-31 02:33:09'),(2010,1,5,4.00,'2025-06-12','customer','2025-10-31 02:33:09'),(2011,1,2,8.00,'2025-06-12','customer','2025-10-31 02:33:09'),(2012,1,4,1.00,'2025-06-12','customer','2025-10-31 02:33:09'),(2013,1,4,6.00,'2025-06-13','customer','2025-10-31 02:33:09'),(2014,1,7,5.00,'2025-06-13','customer','2025-10-31 02:33:09'),(2015,1,7,1.00,'2025-06-14','customer','2025-10-31 02:33:09'),(2016,1,4,4.00,'2025-06-15','customer','2025-10-31 02:33:09'),(2017,1,7,9.00,'2025-06-16','customer','2025-10-31 02:33:09'),(2018,1,5,7.00,'2025-06-18','customer','2025-10-31 02:33:09'),(2019,1,6,3.00,'2025-06-19','customer','2025-10-31 02:33:09'),(2020,1,1,5.00,'2025-06-20','customer','2025-10-31 02:33:09'),(2021,1,6,3.00,'2025-06-20','customer','2025-10-31 02:33:09'),(2022,1,4,1.00,'2025-06-20','customer','2025-10-31 02:33:09'),(2023,1,5,5.00,'2025-06-20','customer','2025-10-31 02:33:09'),(2024,1,2,7.00,'2025-06-22','customer','2025-10-31 02:33:09'),(2025,1,1,1.00,'2025-06-22','customer','2025-10-31 02:33:09'),(2026,1,3,7.00,'2025-06-22','customer','2025-10-31 02:33:09'),(2027,1,4,4.00,'2025-06-23','customer','2025-10-31 02:33:09'),(2028,1,4,2.00,'2025-06-24','customer','2025-10-31 02:33:09'),(2029,1,1,5.00,'2025-06-24','customer','2025-10-31 02:33:09'),(2030,1,1,7.00,'2025-06-25','customer','2025-10-31 02:33:09'),(2031,1,7,3.00,'2025-06-25','customer','2025-10-31 02:33:09'),(2032,1,6,7.00,'2025-06-25','customer','2025-10-31 02:33:09'),(2033,1,5,3.00,'2025-06-26','customer','2025-10-31 02:33:09'),(2034,1,1,4.00,'2025-06-26','customer','2025-10-31 02:33:09'),(2035,1,2,6.00,'2025-06-26','customer','2025-10-31 02:33:09'),(2036,1,6,4.00,'2025-06-26','customer','2025-10-31 02:33:09'),(2037,1,7,7.00,'2025-06-27','customer','2025-10-31 02:33:09'),(2038,1,1,4.00,'2025-06-27','customer','2025-10-31 02:33:09'),(2039,1,3,3.00,'2025-06-28','customer','2025-10-31 02:33:09'),(2040,1,1,11.00,'2025-06-28','customer','2025-10-31 02:33:09'),(2041,1,4,4.00,'2025-06-28','customer','2025-10-31 02:33:09'),(2042,1,3,6.00,'2025-06-29','customer','2025-10-31 02:33:09'),(2043,1,2,6.00,'2025-06-29','customer','2025-10-31 02:33:09'),(2044,1,6,6.00,'2025-06-30','customer','2025-10-31 02:33:09'),(2045,1,2,3.00,'2025-07-01','customer','2025-10-31 02:33:09'),(2046,1,3,4.00,'2025-07-01','customer','2025-10-31 02:33:09'),(2047,1,7,1.00,'2025-07-02','customer','2025-10-31 02:33:09'),(2048,1,5,7.00,'2025-07-02','customer','2025-10-31 02:33:09'),(2049,1,3,1.00,'2025-07-02','emergency','2025-10-31 02:33:09'),(2050,1,2,1.00,'2025-07-02','customer','2025-10-31 02:33:09'),(2051,1,3,8.00,'2025-07-03','customer','2025-10-31 02:33:09'),(2052,1,4,4.00,'2025-07-04','customer','2025-10-31 02:33:09'),(2053,1,2,2.00,'2025-07-05','customer','2025-10-31 02:33:09'),(2054,1,6,1.00,'2025-07-06','customer','2025-10-31 02:33:09'),(2055,1,3,6.00,'2025-07-06','customer','2025-10-31 02:33:09'),(2056,1,1,5.00,'2025-07-06','customer','2025-10-31 02:33:09'),(2057,1,2,2.00,'2025-07-06','customer','2025-10-31 02:33:09'),(2058,1,6,5.00,'2025-07-07','customer','2025-10-31 02:33:09'),(2059,1,2,2.00,'2025-07-08','emergency','2025-10-31 02:33:09'),(2060,1,5,1.00,'2025-07-08','customer','2025-10-31 02:33:09'),(2061,1,1,1.00,'2025-07-08','customer','2025-10-31 02:33:09'),(2062,1,5,4.00,'2025-07-09','customer','2025-10-31 02:33:09'),(2063,1,4,2.00,'2025-07-09','customer','2025-10-31 02:33:09'),(2064,1,4,6.00,'2025-07-10','customer','2025-10-31 02:33:09'),(2065,1,6,2.00,'2025-07-12','customer','2025-10-31 02:33:09'),(2066,1,2,1.00,'2025-07-12','customer','2025-10-31 02:33:09'),(2067,1,3,4.00,'2025-07-12','customer','2025-10-31 02:33:09'),(2068,1,1,1.00,'2025-07-12','customer','2025-10-31 02:33:09'),(2069,1,2,1.00,'2025-07-13','customer','2025-10-31 02:33:09'),(2070,1,3,2.00,'2025-07-15','customer','2025-10-31 02:33:09'),(2071,1,1,1.00,'2025-07-15','customer','2025-10-31 02:33:09'),(2072,1,7,4.00,'2025-07-15','customer','2025-10-31 02:33:09'),(2073,1,2,2.00,'2025-07-15','customer','2025-10-31 02:33:09'),(2074,1,4,6.00,'2025-07-16','customer','2025-10-31 02:33:09'),(2075,1,6,5.00,'2025-07-16','customer','2025-10-31 02:33:09'),(2076,1,7,5.00,'2025-07-17','customer','2025-10-31 02:33:09'),(2077,1,5,4.00,'2025-07-17','emergency','2025-10-31 02:33:09'),(2078,1,6,1.00,'2025-07-17','customer','2025-10-31 02:33:09'),(2079,1,1,4.00,'2025-07-18','customer','2025-10-31 02:33:09'),(2080,1,7,3.00,'2025-07-18','customer','2025-10-31 02:33:09'),(2081,1,7,3.00,'2025-07-19','customer','2025-10-31 02:33:09'),(2082,1,6,2.00,'2025-07-19','emergency','2025-10-31 02:33:09'),(2083,1,5,3.00,'2025-07-19','customer','2025-10-31 02:33:09'),(2084,1,1,1.00,'2025-07-20','customer','2025-10-31 02:33:09'),(2085,1,5,3.00,'2025-07-20','customer','2025-10-31 02:33:09'),(2086,1,7,7.00,'2025-07-21','customer','2025-10-31 02:33:09'),(2087,1,6,2.00,'2025-07-21','customer','2025-10-31 02:33:09'),(2088,1,1,4.00,'2025-07-22','customer','2025-10-31 02:33:09'),(2089,1,2,4.00,'2025-07-22','customer','2025-10-31 02:33:09'),(2090,1,7,1.00,'2025-07-22','customer','2025-10-31 02:33:09'),(2091,1,4,1.00,'2025-07-22','customer','2025-10-31 02:33:09'),(2092,1,4,4.00,'2025-07-24','customer','2025-10-31 02:33:09'),(2093,1,2,9.00,'2025-07-25','customer','2025-10-31 02:33:09'),(2094,1,7,5.00,'2025-07-25','customer','2025-10-31 02:33:09'),(2095,1,1,2.00,'2025-07-25','customer','2025-10-31 02:33:09'),(2096,1,3,3.00,'2025-07-25','customer','2025-10-31 02:33:09'),(2097,1,4,3.00,'2025-07-26','customer','2025-10-31 02:33:09'),(2098,1,5,3.00,'2025-07-26','customer','2025-10-31 02:33:09'),(2099,1,1,2.00,'2025-07-27','customer','2025-10-31 02:33:09'),(2100,1,4,3.00,'2025-07-28','customer','2025-10-31 02:33:09'),(2101,1,7,2.00,'2025-07-28','customer','2025-10-31 02:33:09'),(2102,1,6,4.00,'2025-07-28','customer','2025-10-31 02:33:09'),(2103,1,2,4.00,'2025-07-29','customer','2025-10-31 02:33:09'),(2104,1,4,2.00,'2025-07-29','customer','2025-10-31 02:33:09'),(2105,1,3,3.00,'2025-07-30','customer','2025-10-31 02:33:09'),(2106,1,6,1.00,'2025-07-30','customer','2025-10-31 02:33:09'),(2107,1,4,5.00,'2025-07-30','customer','2025-10-31 02:33:09'),(2108,1,7,4.00,'2025-07-30','emergency','2025-10-31 02:33:09'),(2109,1,5,2.00,'2025-08-01','customer','2025-10-31 02:33:09'),(2110,1,3,3.00,'2025-08-01','customer','2025-10-31 02:33:09'),(2111,1,1,3.00,'2025-08-03','customer','2025-10-31 02:33:09'),(2112,1,2,2.00,'2025-08-03','customer','2025-10-31 02:33:09'),(2113,1,1,1.00,'2025-08-04','customer','2025-10-31 02:33:09'),(2114,1,1,2.00,'2025-08-05','customer','2025-10-31 02:33:09'),(2115,1,2,1.00,'2025-08-05','customer','2025-10-31 02:33:09'),(2116,1,7,1.00,'2025-08-06','customer','2025-10-31 02:33:09'),(2117,1,3,1.00,'2025-08-06','customer','2025-10-31 02:33:09'),(2118,1,4,3.00,'2025-08-06','customer','2025-10-31 02:33:09'),(2119,1,5,7.00,'2025-08-06','customer','2025-10-31 02:33:09'),(2120,1,7,3.00,'2025-08-07','customer','2025-10-31 02:33:09'),(2121,1,5,4.00,'2025-08-07','customer','2025-10-31 02:33:09'),(2122,1,3,3.00,'2025-08-07','customer','2025-10-31 02:33:09'),(2123,1,2,3.00,'2025-08-07','emergency','2025-10-31 02:33:09'),(2124,1,2,2.00,'2025-08-08','customer','2025-10-31 02:33:09'),(2125,1,5,1.00,'2025-08-08','customer','2025-10-31 02:33:09'),(2126,1,3,1.00,'2025-08-09','customer','2025-10-31 02:33:09'),(2127,1,2,1.00,'2025-08-10','customer','2025-10-31 02:33:09'),(2128,1,1,3.00,'2025-08-10','customer','2025-10-31 02:33:09'),(2129,1,5,4.00,'2025-08-10','customer','2025-10-31 02:33:09'),(2130,1,6,1.00,'2025-08-11','customer','2025-10-31 02:33:09'),(2131,1,3,2.00,'2025-08-11','customer','2025-10-31 02:33:09'),(2132,1,1,4.00,'2025-08-11','emergency','2025-10-31 02:33:09'),(2133,1,2,2.00,'2025-08-12','customer','2025-10-31 02:33:09'),(2134,1,4,4.00,'2025-08-12','customer','2025-10-31 02:33:09'),(2135,1,5,4.00,'2025-08-13','customer','2025-10-31 02:33:09'),(2136,1,3,1.00,'2025-08-13','customer','2025-10-31 02:33:09'),(2137,1,3,1.00,'2025-08-14','customer','2025-10-31 02:33:09'),(2138,1,2,5.00,'2025-08-14','customer','2025-10-31 02:33:09'),(2139,1,4,1.00,'2025-08-17','customer','2025-10-31 02:33:09'),(2140,1,4,1.00,'2025-08-18','customer','2025-10-31 02:33:09'),(2141,1,4,2.00,'2025-08-19','customer','2025-10-31 02:33:09'),(2142,1,1,5.00,'2025-08-19','emergency','2025-10-31 02:33:09'),(2143,1,7,3.00,'2025-08-20','customer','2025-10-31 02:33:09'),(2144,1,6,1.00,'2025-08-20','customer','2025-10-31 02:33:09'),(2145,1,4,1.00,'2025-08-20','customer','2025-10-31 02:33:09'),(2146,1,3,3.00,'2025-08-21','customer','2025-10-31 02:33:09'),(2147,1,4,2.00,'2025-08-21','customer','2025-10-31 02:33:09'),(2148,1,6,8.00,'2025-08-21','customer','2025-10-31 02:33:09'),(2149,1,7,4.00,'2025-08-21','customer','2025-10-31 02:33:09'),(2150,1,7,6.00,'2025-08-22','customer','2025-10-31 02:33:09'),(2151,1,6,2.00,'2025-08-22','customer','2025-10-31 02:33:09'),(2152,1,7,2.00,'2025-08-23','customer','2025-10-31 02:33:09'),(2153,1,1,6.00,'2025-08-24','customer','2025-10-31 02:33:09'),(2154,1,4,3.00,'2025-08-24','customer','2025-10-31 02:33:09'),(2155,1,1,2.00,'2025-08-25','customer','2025-10-31 02:33:09'),(2156,1,4,2.00,'2025-08-25','customer','2025-10-31 02:33:09'),(2157,1,6,2.00,'2025-08-25','customer','2025-10-31 02:33:09'),(2158,1,7,5.00,'2025-08-25','customer','2025-10-31 02:33:09'),(2159,1,1,2.00,'2025-08-26','customer','2025-10-31 02:33:09'),(2160,1,5,1.00,'2025-08-26','customer','2025-10-31 02:33:09'),(2161,1,3,5.00,'2025-08-26','emergency','2025-10-31 02:33:09'),(2162,1,4,5.00,'2025-08-26','customer','2025-10-31 02:33:09'),(2163,1,5,4.00,'2025-08-27','customer','2025-10-31 02:33:09'),(2164,1,5,1.00,'2025-08-28','customer','2025-10-31 02:33:09'),(2165,1,3,5.00,'2025-08-28','customer','2025-10-31 02:33:09'),(2166,1,5,3.00,'2025-08-29','customer','2025-10-31 02:33:09'),(2167,1,7,6.00,'2025-08-29','customer','2025-10-31 02:33:09'),(2168,1,2,3.00,'2025-08-29','customer','2025-10-31 02:33:09'),(2169,1,3,1.00,'2025-08-29','customer','2025-10-31 02:33:09'),(2170,1,4,3.00,'2025-08-30','customer','2025-10-31 02:33:09'),(2171,1,5,4.00,'2025-08-30','customer','2025-10-31 02:33:09'),(2172,1,6,1.00,'2025-08-31','customer','2025-10-31 02:33:09'),(2173,1,2,5.00,'2025-08-31','customer','2025-10-31 02:33:09'),(2174,1,3,2.00,'2025-08-31','customer','2025-10-31 02:33:09'),(2175,1,7,4.00,'2025-09-01','customer','2025-10-31 02:33:09'),(2176,1,6,2.00,'2025-09-01','customer','2025-10-31 02:33:09'),(2177,1,2,2.00,'2025-09-02','customer','2025-10-31 02:33:09'),(2178,1,5,2.00,'2025-09-02','customer','2025-10-31 02:33:09'),(2179,1,6,1.00,'2025-09-03','emergency','2025-10-31 02:33:09'),(2180,1,3,2.00,'2025-09-03','emergency','2025-10-31 02:33:09'),(2181,1,3,1.00,'2025-09-04','customer','2025-10-31 02:33:09'),(2182,1,1,2.00,'2025-09-04','customer','2025-10-31 02:33:09'),(2183,1,7,4.00,'2025-09-04','customer','2025-10-31 02:33:09'),(2184,1,7,2.00,'2025-09-05','customer','2025-10-31 02:33:09'),(2185,1,3,3.00,'2025-09-06','customer','2025-10-31 02:33:09'),(2186,1,2,3.00,'2025-09-07','customer','2025-10-31 02:33:09'),(2187,1,1,2.00,'2025-09-07','customer','2025-10-31 02:33:09'),(2188,1,1,1.00,'2025-09-10','customer','2025-10-31 02:33:09'),(2189,1,4,3.00,'2025-09-10','emergency','2025-10-31 02:33:09'),(2190,1,5,4.00,'2025-09-11','customer','2025-10-31 02:33:09'),(2191,1,4,5.00,'2025-09-11','customer','2025-10-31 02:33:09'),(2192,1,1,1.00,'2025-09-11','customer','2025-10-31 02:33:09'),(2193,1,1,1.00,'2025-09-12','customer','2025-10-31 02:33:09'),(2194,1,4,3.00,'2025-09-12','emergency','2025-10-31 02:33:09'),(2195,1,5,3.00,'2025-09-13','customer','2025-10-31 02:33:09'),(2196,1,7,1.00,'2025-09-13','customer','2025-10-31 02:33:09'),(2197,1,3,2.00,'2025-09-13','emergency','2025-10-31 02:33:09'),(2198,1,4,1.00,'2025-09-13','customer','2025-10-31 02:33:09'),(2199,1,5,1.00,'2025-09-14','customer','2025-10-31 02:33:09'),(2200,1,1,3.00,'2025-09-14','customer','2025-10-31 02:33:09'),(2201,1,4,2.00,'2025-09-15','customer','2025-10-31 02:33:09'),(2202,1,6,4.00,'2025-09-15','customer','2025-10-31 02:33:09'),(2203,1,3,2.00,'2025-09-15','customer','2025-10-31 02:33:09'),(2204,1,2,2.00,'2025-09-15','customer','2025-10-31 02:33:09'),(2205,1,2,4.00,'2025-09-17','customer','2025-10-31 02:33:09'),(2206,1,5,1.00,'2025-09-17','customer','2025-10-31 02:33:09'),(2207,1,7,2.00,'2025-09-17','customer','2025-10-31 02:33:09'),(2208,1,3,1.00,'2025-09-17','emergency','2025-10-31 02:33:09'),(2209,1,6,3.00,'2025-09-18','customer','2025-10-31 02:33:09'),(2210,1,3,2.00,'2025-09-18','customer','2025-10-31 02:33:09'),(2211,1,2,4.00,'2025-09-18','customer','2025-10-31 02:33:09'),(2212,1,1,3.00,'2025-09-18','customer','2025-10-31 02:33:09'),(2213,1,1,4.00,'2025-09-20','customer','2025-10-31 02:33:09'),(2214,1,2,3.00,'2025-09-20','customer','2025-10-31 02:33:09'),(2215,1,6,3.00,'2025-09-21','customer','2025-10-31 02:33:09'),(2216,1,3,2.00,'2025-09-21','emergency','2025-10-31 02:33:09'),(2217,1,3,1.00,'2025-09-23','customer','2025-10-31 02:33:09'),(2218,1,5,2.00,'2025-09-23','customer','2025-10-31 02:33:09'),(2219,1,4,4.00,'2025-09-23','customer','2025-10-31 02:33:09'),(2220,1,2,3.00,'2025-09-24','customer','2025-10-31 02:33:09'),(2221,1,5,2.00,'2025-09-24','customer','2025-10-31 02:33:09'),(2222,1,6,3.00,'2025-09-24','emergency','2025-10-31 02:33:09'),(2223,1,1,1.00,'2025-09-25','customer','2025-10-31 02:33:09'),(2224,1,3,1.00,'2025-09-25','emergency','2025-10-31 02:33:09'),(2225,1,5,1.00,'2025-09-25','customer','2025-10-31 02:33:09'),(2226,1,6,1.00,'2025-09-25','customer','2025-10-31 02:33:09'),(2227,1,7,4.00,'2025-09-26','customer','2025-10-31 02:33:09'),(2228,1,2,1.00,'2025-09-26','customer','2025-10-31 02:33:09'),(2229,1,1,4.00,'2025-09-26','customer','2025-10-31 02:33:09'),(2230,1,2,2.00,'2025-09-28','customer','2025-10-31 02:33:09'),(2231,1,1,1.00,'2025-09-28','customer','2025-10-31 02:33:09'),(2232,1,6,2.00,'2025-09-29','customer','2025-10-31 02:33:09'),(2233,1,5,1.00,'2025-09-29','customer','2025-10-31 02:33:09'),(2234,1,3,1.00,'2025-09-29','emergency','2025-10-31 02:33:09'),(2235,1,1,1.00,'2025-09-29','customer','2025-10-31 02:33:09'),(2236,1,3,3.00,'2025-09-30','customer','2025-10-31 02:33:09'),(2237,1,3,2.00,'2025-10-01','customer','2025-10-31 02:33:09'),(2238,1,5,4.00,'2025-10-02','customer','2025-10-31 02:33:09'),(2239,1,4,1.00,'2025-10-02','emergency','2025-10-31 02:33:09'),(2240,1,4,2.00,'2025-10-03','customer','2025-10-31 02:33:09'),(2241,1,7,3.00,'2025-10-03','customer','2025-10-31 02:33:09'),(2242,1,5,2.00,'2025-10-04','customer','2025-10-31 02:33:09'),(2243,1,4,1.00,'2025-10-04','customer','2025-10-31 02:33:09'),(2244,1,2,1.00,'2025-10-04','customer','2025-10-31 02:33:09'),(2245,1,7,1.00,'2025-10-04','customer','2025-10-31 02:33:09'),(2246,1,6,3.00,'2025-10-05','emergency','2025-10-31 02:33:09'),(2247,1,4,2.00,'2025-10-05','customer','2025-10-31 02:33:09'),(2248,1,5,4.00,'2025-10-05','customer','2025-10-31 02:33:09'),(2249,1,1,2.00,'2025-10-06','customer','2025-10-31 02:33:09'),(2250,1,4,1.00,'2025-10-07','customer','2025-10-31 02:33:09'),(2251,1,3,1.00,'2025-10-07','customer','2025-10-31 02:33:09'),(2252,1,5,1.00,'2025-10-07','customer','2025-10-31 02:33:09'),(2253,1,1,1.00,'2025-10-08','customer','2025-10-31 02:33:09'),(2254,1,5,2.00,'2025-10-09','customer','2025-10-31 02:33:09'),(2255,1,3,3.00,'2025-10-09','customer','2025-10-31 02:33:09'),(2256,1,6,2.00,'2025-10-10','customer','2025-10-31 02:33:09'),(2257,1,3,4.00,'2025-10-10','emergency','2025-10-31 02:33:09'),(2258,1,4,3.00,'2025-10-10','customer','2025-10-31 02:33:09'),(2259,1,7,1.00,'2025-10-10','customer','2025-10-31 02:33:09'),(2260,1,5,1.00,'2025-10-12','customer','2025-10-31 02:33:09'),(2261,1,7,2.00,'2025-10-13','customer','2025-10-31 02:33:09'),(2262,1,6,1.00,'2025-10-14','customer','2025-10-31 02:33:09'),(2263,1,1,1.00,'2025-10-14','customer','2025-10-31 02:33:09'),(2264,1,1,2.00,'2025-10-15','customer','2025-10-31 02:33:09'),(2265,1,1,2.00,'2025-10-16','customer','2025-10-31 02:33:09'),(2266,1,3,5.00,'2025-10-16','customer','2025-10-31 02:33:09'),(2267,1,5,1.00,'2025-10-16','customer','2025-10-31 02:33:09'),(2268,1,2,4.00,'2025-10-17','customer','2025-10-31 02:33:09'),(2269,1,5,2.00,'2025-10-17','customer','2025-10-31 02:33:09'),(2270,1,6,3.00,'2025-10-17','customer','2025-10-31 02:33:09'),(2271,1,3,1.00,'2025-10-17','customer','2025-10-31 02:33:09'),(2272,1,7,1.00,'2025-10-19','customer','2025-10-31 02:33:09'),(2273,1,6,2.00,'2025-10-19','customer','2025-10-31 02:33:09'),(2274,1,5,2.00,'2025-10-19','customer','2025-10-31 02:33:09'),(2275,1,3,2.00,'2025-10-21','customer','2025-10-31 02:33:09'),(2276,1,2,1.00,'2025-10-21','customer','2025-10-31 02:33:09'),(2277,1,1,2.00,'2025-10-23','customer','2025-10-31 02:33:09'),(2278,1,6,1.00,'2025-10-24','customer','2025-10-31 02:33:09'),(2279,1,4,5.00,'2025-10-24','customer','2025-10-31 02:33:09'),(2280,1,2,2.00,'2025-10-24','customer','2025-10-31 02:33:09'),(2281,1,6,2.00,'2025-10-25','emergency','2025-10-31 02:33:09'),(2282,1,7,4.00,'2025-10-25','customer','2025-10-31 02:33:09'),(2283,1,2,1.00,'2025-10-26','customer','2025-10-31 02:33:09'),(2284,1,4,2.00,'2025-10-26','customer','2025-10-31 02:33:09'),(2285,1,7,1.00,'2025-10-27','customer','2025-10-31 02:33:09'),(2286,1,3,2.00,'2025-10-27','customer','2025-10-31 02:33:09'),(2287,1,2,2.00,'2025-10-27','customer','2025-10-31 02:33:09'),(2288,1,5,1.00,'2025-10-29','customer','2025-10-31 02:33:09'),(2289,1,6,2.00,'2025-10-29','customer','2025-10-31 02:33:09'),(2290,1,2,3.00,'2025-10-29','customer','2025-10-31 02:33:09'),(2291,1,7,1.00,'2025-10-31','customer','2025-10-31 02:33:09'),(2292,3,2,1.00,'2025-11-03','emergency','2025-11-03 08:02:17'),(2293,3,4,1.00,'2025-11-03','emergency','2025-11-03 08:02:17');
/*!40000 ALTER TABLE `pharmacy_sales_history` ENABLE KEYS */;
UNLOCK TABLES;

--
-- Table structure for table `stock`
--

DROP TABLE IF EXISTS `stock`;
/*!40101 SET @saved_cs_client     = @@character_set_client */;
/*!50503 SET character_set_client = utf8mb4 */;
CREATE TABLE `stock` (
  `stock_id` int NOT NULL AUTO_INCREMENT,
  `pharmacy_id` int NOT NULL,
  `medicine_id` int NOT NULL,
  `batch_number` varchar(50) NOT NULL,
  `quantity` decimal(10,2) NOT NULL,
  `price_per_unit` decimal(10,2) NOT NULL,
  `expiry_date` date NOT NULL,
  PRIMARY KEY (`stock_id`),
  UNIQUE KEY `pharmacy_id` (`pharmacy_id`,`medicine_id`,`batch_number`)
) ENGINE=InnoDB AUTO_INCREMENT=55 DEFAULT CHARSET=utf8mb4 COLLATE=utf8mb4_0900_ai_ci;
/*!40101 SET character_set_client = @saved_cs_client */;

--
-- Dumping data for table `stock`
--

LOCK TABLES `stock` WRITE;
/*!40000 ALTER TABLE `stock` DISABLE KEYS */;
INSERT INTO `stock` VALUES (5,1,1,'P500-B123',110.00,0.50,'2026-12-26'),(6,1,1,'P500-B124',250.00,0.50,'2026-12-28'),(7,1,2,'I200-B001',30.00,0.40,'2027-01-15'),(8,1,3,'C10-B001',66.00,0.45,'2026-11-29'),(9,1,4,'CS60-B010',32.00,1.20,'2026-09-20'),(10,1,5,'O20-B005',85.00,1.50,'2026-08-12'),(11,1,6,'VC500-B011',56.00,0.90,'2027-03-15'),(12,1,7,'ORS21-B002',200.00,0.25,'2026-10-10'),(13,1,3,'P129-283B',34.00,2.00,'2027-10-24'),(15,3,1,'P500-B321',18.00,0.55,'2026-12-20'),(16,3,3,'C10-B210',4.00,0.50,'2026-10-12'),(17,3,5,'O20-B110',4.00,1.45,'2026-09-15'),(18,4,1,'P500-B322',12.00,0.50,'2027-01-05'),(19,4,3,'C10-B211',8.00,0.48,'2026-11-05'),(20,4,5,'O20-B111',20.00,1.55,'2027-02-01'),(21,5,1,'P500-B323',15.00,0.52,'2026-10-30'),(22,5,3,'C10-B212',12.00,0.47,'2027-04-10'),(23,5,5,'O20-B112',18.00,1.50,'2026-12-31'),(25,1,2,'I200-B003',33.00,0.42,'2027-05-10'),(26,3,1,'P500-B099',15.00,0.50,'2024-06-15'),(27,3,3,'C10-B099',10.00,0.45,'2024-04-20'),(28,3,5,'O20-B099',8.00,1.50,'2024-08-10'),(29,3,2,'I200-B099',4.00,0.40,'2026-12-31'),(30,3,7,'ORS21-B099',20.00,0.25,'2024-02-18'),(31,3,4,'AVIOP',35.00,0.50,'2026-07-22'),(32,1,4,'CS72-B012',5.00,0.80,'2025-11-05'),(33,1,4,'CS72-B013',2.00,0.80,'2025-10-31'),(34,3,1,'P500-B901',120.00,0.55,'2028-03-10'),(35,3,2,'I200-B902',40.00,0.42,'2028-04-15'),(36,3,3,'C10-B903',80.00,0.48,'2028-06-20'),(37,3,4,'CS60-B904',55.00,1.22,'2028-02-05'),(38,3,5,'O20-B905',70.00,1.52,'2028-09-25'),(39,3,6,'VC500-B906',45.00,0.92,'2028-11-30'),(40,3,7,'ORS21-B907',150.00,0.26,'2028-05-19'),(41,4,1,'P500-B921',100.00,0.50,'2028-01-18'),(42,4,2,'I200-B922',35.00,0.41,'2028-12-10'),(43,4,3,'C10-B923',60.00,0.47,'2028-07-14'),(44,4,4,'CS60-B924',25.00,1.18,'2028-03-22'),(45,4,5,'O20-B925',90.00,1.53,'2028-10-01'),(46,4,6,'VC500-B926',38.00,0.90,'2028-05-08'),(47,4,7,'ORS21-B927',130.00,0.24,'2028-04-28'),(48,5,1,'P500-B951',130.00,0.52,'2028-02-11'),(49,5,2,'I200-B952',28.00,0.43,'2028-08-16'),(50,5,3,'C10-B953',75.00,0.49,'2028-06-01'),(51,5,4,'CS60-B954',33.00,1.21,'2028-09-15'),(52,5,5,'O20-B955',85.00,1.50,'2028-11-22'),(53,5,6,'VC500-B956',60.00,0.89,'2028-10-10'),(54,5,7,'ORS21-B957',170.00,0.25,'2028-03-05');
/*!40000 ALTER TABLE `stock` ENABLE KEYS */;
UNLOCK TABLES;
/*!40103 SET TIME_ZONE=@OLD_TIME_ZONE */;

/*!40101 SET SQL_MODE=@OLD_SQL_MODE */;
/*!40014 SET FOREIGN_KEY_CHECKS=@OLD_FOREIGN_KEY_CHECKS */;
/*!40014 SET UNIQUE_CHECKS=@OLD_UNIQUE_CHECKS */;
/*!40101 SET CHARACTER_SET_CLIENT=@OLD_CHARACTER_SET_CLIENT */;
/*!40101 SET CHARACTER_SET_RESULTS=@OLD_CHARACTER_SET_RESULTS */;
/*!40101 SET COLLATION_CONNECTION=@OLD_COLLATION_CONNECTION */;
/*!40111 SET SQL_NOTES=@OLD_SQL_NOTES */;

-- Dump completed on 2025-12-23 22:09:39
